reg_no,student_name,class,term,attendance,accounting_for_everyone,artificial_intelligence,aspirations_and_coursebook,aspirations_and_coursebook_2,computer_communication_and_networks,computer_multimedia_and_animation,csharp_and_dotnet_framework,data_structure_using_c,database_management_system,digital_fluency,discrete_mathematical_structure,environmental_studies,financial_education_and_investment_awareness,freedom_movement_in_karnataka,fundamentals_of_computer,hindi,hindi_2,hindi_anuvad,hindi_kavya_sangraha,indian_constitution,mathematical_foundation,oop_using_java,operating_system_concepts,programming_in_c,python_programming,quest_and_art_of_communication,quest_and_art_of_communication_2,retail_management
U001,Kailasam,BCA-A,Sem 1,70.0,70.0,,35.0,,,,,,,,,54.0,,,61.0,70.0,,,,,49.0,,,40.0,,,,
U001,Kailasam,BCA-A,Sem 2,92.0,,,,43.0,,,,88.0,,32.0,54.0,,,,,,41.0,,,,,62.0,,,,,,58.0
U001,Kailasam,BCA-A,Sem 3,77.0,,,,,35.0,,41.0,,62.0,,,,14.0,69.0,,,,,79.0,,,,,,,95.0,,
U001,Kailasam,BCA-A,Sem 4,72.0,,30.0,,,,37.0,,,,,,,,,,,,69.0,,91.0,,,53.0,,54.0,,45.0,
U002,Sakshini,BCA-A,Sem 1,67.0,95.0,,42.0,,,,,,,,,64.0,,,88.0,76.0,,,,,66.0,,,44.0,,,,
U002,Sakshini,BCA-A,Sem 2,76.0,,,,44.0,,,,79.0,,3.0,60.0,,,,,,71.0,,,,,68.0,,,,,,41.0
U002,Sakshini,BCA-A,Sem 3,94.0,,,,,48.0,,75.0,,84.0,,,,42.0,54.0,,,,,46.0,,,,,,,36.0,,
U002,Sakshini,BCA-A,Sem 4,93.0,,37.0,,,,46.0,,,,,,,,,,,,85.0,,69.0,,,56.0,,73.0,,83.0,
U003,Zainclair,BCA-A,Sem 1,78.0,80.0,,52.0,,,,,,,,,67.0,,,88.0,61.0,,,,,65.0,,,65.0,,,,
U003,Zainclair,BCA-A,Sem 2,84.0,,,,63.0,,,,64.0,,34.0,65.0,,,,,,75.0,,,,,70.0,,,,,,71.0
U003,Zainclair,BCA-A,Sem 3,80.0,,,,,56.0,,94.0,,91.0,,,,28.0,77.0,,,,,75.0,,,,,,,80.0,,
U003,Zainclair,BCA-A,Sem 4,78.0,,6.0,,,,45.0,,,,,,,,,,,,46.0,,62.0,,,84.0,,88.0,,41.0,
U004,Waleed,BCA-A,Sem 1,75.0,70.0,,44.0,,,,,,,,,64.0,,,47.0,59.0,,,,,73.0,,,93.0,,,,
U004,Waleed,BCA-A,Sem 2,66.0,,,,78.0,,,,66.0,,4.0,87.0,,,,,,80.0,,,,,65.0,,,,,,35.0
U004,Waleed,BCA-A,Sem 3,91.0,,,,,53.0,,38.0,,72.0,,,,10.0,95.0,,,,,71.0,,,,,,,35.0,,
U004,Waleed,BCA-A,Sem 4,85.0,,6.0,,,,52.0,,,,,,,,,,,,92.0,,59.0,,,53.0,,93.0,,82.0,
U005,Paragkrishna,BCA-A,Sem 1,92.0,91.0,,43.0,,,,,,,,,82.0,,,39.0,90.0,,,,,84.0,,,52.0,,,,
U005,Paragkrishna,BCA-A,Sem 2,78.0,,,,77.0,,,,48.0,,5.0,79.0,,,,,,81.0,,,,,63.0,,,,,,41.0
U005,Paragkrishna,BCA-A,Sem 4,71.0,,9.0,,,,89.0,,,,,,,,,,,,65.0,,63.0,,,72.0,,65.0,,72.0,
U006,Jagdeep,BCA-A,Sem 1,86.0,35.0,,87.0,,,,,,,,,87.0,,,87.0,81.0,,,,,65.0,,,88.0,,,,
U006,Jagdeep,BCA-A,Sem 2,94.0,,,,65.0,,,,95.0,,0.0,57.0,,,,,,44.0,,,,,46.0,,,,,,62.0
U006,Jagdeep,BCA-A,Sem 3,70.0,,,,,95.0,,38.0,,65.0,,,,44.0,38.0,,,,,77.0,,,,,,,86.0,,
U007,Eeshwara,BCA-A,Sem 2,65.0,,,,56.0,,,,37.0,,35.0,92.0,,,,,,93.0,,,,,40.0,,,,,,51.0
U007,Eeshwara,BCA-A,Sem 3,64.0,,,,,51.0,,63.0,,45.0,,,,3.0,54.0,,,,,42.0,,,,,,,59.0,,
U007,Eeshwara,BCA-A,Sem 4,64.0,,11.0,,,,90.0,,,,,,,,,,,,91.0,,83.0,,,69.0,,36.0,,44.0,
U008,Jagath,BCA-A,Sem 1,95.0,69.0,,59.0,,,,,,,,,83.0,,,94.0,64.0,,,,,90.0,,,55.0,,,,
U008,Jagath,BCA-A,Sem 2,80.0,,,,36.0,,,,57.0,,7.0,55.0,,,,,,75.0,,,,,48.0,,,,,,46.0
U008,Jagath,BCA-A,Sem 3,74.0,,,,,38.0,,86.0,,39.0,,,,3.0,68.0,,,,,57.0,,,,,,,36.0,,
U008,Jagath,BCA-A,Sem 4,78.0,,46.0,,,,40.0,,,,,,,,,,,,94.0,,95.0,,,79.0,,37.0,,36.0,
U009,Ashok,BCA-A,Sem 1,72.0,50.0,,71.0,,,,,,,,,79.0,,,49.0,59.0,,,,,84.0,,,89.0,,,,
U009,Ashok,BCA-A,Sem 2,86.0,,,,38.0,,,,75.0,,14.0,40.0,,,,,,35.0,,,,,79.0,,,,,,64.0
U009,Ashok,BCA-A,Sem 3,61.0,,,,,88.0,,56.0,,70.0,,,,41.0,70.0,,,,,80.0,,,,,,,84.0,,
U009,Ashok,BCA-A,Sem 4,60.0,,11.0,,,,73.0,,,,,,,,,,,,83.0,,62.0,,,61.0,,63.0,,50.0,
U010,Biswajit,BCA-A,Sem 1,86.0,55.0,,82.0,,,,,,,,,37.0,,,80.0,65.0,,,,,86.0,,,93.0,,,,
U010,Biswajit,BCA-A,Sem 3,91.0,,,,,49.0,,63.0,,56.0,,,,45.0,42.0,,,,,69.0,,,,,,,95.0,,
U010,Biswajit,BCA-A,Sem 4,92.0,,43.0,,,,66.0,,,,,,,,,,,,52.0,,67.0,,,76.0,,57.0,,74.0,
U011,Chethan,BCA-A,Sem 1,84.0,77.0,,85.0,,,,,,,,,59.0,,,76.0,87.0,,,,,66.0,,,44.0,,,,
U011,Chethan,BCA-A,Sem 2,67.0,,,,54.0,,,,39.0,,32.0,90.0,,,,,,36.0,,,,,74.0,,,,,,41.0
U011,Chethan,BCA-A,Sem 3,94.0,,,,,36.0,,60.0,,35.0,,,,46.0,66.0,,,,,37.0,,,,,,,36.0,,
U011,Chethan,BCA-A,Sem 4,63.0,,29.0,,,,65.0,,,,,,,,,,,,88.0,,66.0,,,45.0,,79.0,,65.0,
U012,Aashika,BCA-A,Sem 1,62.0,67.0,,72.0,,,,,,,,,43.0,,,90.0,56.0,,,,,90.0,,,41.0,,,,
U012,Aashika,BCA-A,Sem 2,74.0,,,,52.0,,,,73.0,,10.0,85.0,,,,,,60.0,,,,,46.0,,,,,,51.0
U012,Aashika,BCA-A,Sem 3,95.0,,,,,73.0,,85.0,,91.0,,,,49.0,75.0,,,,,42.0,,,,,,,40.0,,
U013,Dara,BCA-A,Sem 1,88.0,68.0,,93.0,,,,,,,,,41.0,,,35.0,64.0,,,,,44.0,,,81.0,,,,
U013,Dara,BCA-A,Sem 2,80.0,,,,86.0,,,,61.0,,45.0,75.0,,,,,,71.0,,,,,95.0,,,,,,66.0
U013,Dara,BCA-A,Sem 3,74.0,,,,,70.0,,62.0,,70.0,,,,44.0,75.0,,,,,71.0,,,,,,,73.0,,
U013,Dara,BCA-A,Sem 4,78.0,,0.0,,,,82.0,,,,,,,,,,,,43.0,,87.0,,,43.0,,76.0,,49.0,
U014,Oliniyu,BCA-A,Sem 1,86.0,76.0,,44.0,,,,,,,,,90.0,,,65.0,39.0,,,,,51.0,,,85.0,,,,
U014,Oliniyu,BCA-A,Sem 2,86.0,,,,56.0,,,,58.0,,13.0,82.0,,,,,,64.0,,,,,72.0,,,,,,77.0
U014,Oliniyu,BCA-A,Sem 3,63.0,,,,,68.0,,72.0,,87.0,,,,43.0,59.0,,,,,94.0,,,,,,,65.0,,
U014,Oliniyu,BCA-A,Sem 4,68.0,,43.0,,,,52.0,,,,,,,,,,,,78.0,,63.0,,,65.0,,81.0,,84.0,
U015,Gauri,BCA-A,Sem 1,81.0,59.0,,87.0,,,,,,,,,65.0,,,90.0,72.0,,,,,79.0,,,65.0,,,,
U015,Gauri,BCA-A,Sem 2,88.0,,,,75.0,,,,93.0,,1.0,87.0,,,,,,88.0,,,,,66.0,,,,,,62.0
U015,Gauri,BCA-A,Sem 4,94.0,,5.0,,,,52.0,,,,,,,,,,,,57.0,,74.0,,,41.0,,90.0,,87.0,
U016,Jagati,BCA-A,Sem 1,64.0,75.0,,78.0,,,,,,,,,50.0,,,53.0,93.0,,,,,82.0,,,49.0,,,,
U016,Jagati,BCA-A,Sem 2,93.0,,,,87.0,,,,63.0,,37.0,92.0,,,,,,44.0,,,,,37.0,,,,,,87.0
U016,Jagati,BCA-A,Sem 3,73.0,,,,,49.0,,52.0,,52.0,,,,34.0,41.0,,,,,91.0,,,,,,,51.0,,
U016,Jagati,BCA-A,Sem 4,95.0,,41.0,,,,58.0,,,,,,,,,,,,89.0,,48.0,,,56.0,,83.0,,85.0,
U017,Darren,BCA-A,Sem 1,65.0,41.0,,83.0,,,,,,,,,62.0,,,80.0,75.0,,,,,41.0,,,90.0,,,,
U017,Darren,BCA-A,Sem 2,71.0,,,,90.0,,,,39.0,,29.0,39.0,,,,,,42.0,,,,,63.0,,,,,,84.0
U017,Darren,BCA-A,Sem 3,81.0,,,,,70.0,,79.0,,59.0,,,,1.0,40.0,,,,,67.0,,,,,,,74.0,,
U018,Galal,BCA-A,Sem 1,88.0,79.0,,54.0,,,,,,,,,45.0,,,36.0,92.0,,,,,55.0,,,37.0,,,,
U018,Galal,BCA-A,Sem 2,66.0,,,,36.0,,,,87.0,,41.0,79.0,,,,,,75.0,,,,,51.0,,,,,,42.0
U018,Galal,BCA-A,Sem 3,81.0,,,,,50.0,,60.0,,79.0,,,,12.0,72.0,,,,,43.0,,,,,,,60.0,,
U018,Galal,BCA-A,Sem 4,87.0,,19.0,,,,82.0,,,,,,,,,,,,94.0,,67.0,,,85.0,,43.0,,47.0,
U019,Abhalisa,BCA-A,Sem 1,63.0,57.0,,58.0,,,,,,,,,53.0,,,44.0,62.0,,,,,68.0,,,50.0,,,,
U019,Abhalisa,BCA-A,Sem 2,92.0,,,,68.0,,,,49.0,,0.0,83.0,,,,,,60.0,,,,,66.0,,,,,,87.0
U019,Abhalisa,BCA-A,Sem 3,72.0,,,,,61.0,,56.0,,62.0,,,,21.0,83.0,,,,,55.0,,,,,,,71.0,,
U019,Abhalisa,BCA-A,Sem 4,75.0,,5.0,,,,26.0,,,,,,,,,,,,10.0,,19.0,,,10.0,,25.0,,21.0,
U020,Chhaliya,BCA-A,Sem 1,86.0,78.0,,85.0,,,,,,,,,71.0,,,45.0,46.0,,,,,40.0,,,46.0,,,,
U020,Chhaliya,BCA-A,Sem 3,62.0,,,,,69.0,,70.0,,75.0,,,,16.0,60.0,,,,,64.0,,,,,,,55.0,,
U020,Chhaliya,BCA-A,Sem 4,89.0,,48.0,,,,89.0,,,,,,,,,,,,56.0,,67.0,,,77.0,,48.0,,36.0,
U021,Sakshini,BCA-A,Sem 1,84.0,78.0,,50.0,,,,,,,,,74.0,,,93.0,66.0,,,,,44.0,,,72.0,,,,
U021,Sakshini,BCA-A,Sem 2,60.0,,,,68.0,,,,39.0,,27.0,42.0,,,,,,73.0,,,,,76.0,,,,,,93.0
U021,Sakshini,BCA-A,Sem 3,83.0,,,,,66.0,,83.0,,65.0,,,,45.0,45.0,,,,,37.0,,,,,,,88.0,,
U021,Sakshini,BCA-A,Sem 4,81.0,,14.0,,,,40.0,,,,,,,,,,,,51.0,,90.0,,,93.0,,84.0,,67.0,
U022,Eeshithra,BCA-A,Sem 1,74.0,35.0,,72.0,,,,,,,,,77.0,,,78.0,87.0,,,,,68.0,,,65.0,,,,
U022,Eeshithra,BCA-A,Sem 2,62.0,,,,39.0,,,,82.0,,35.0,41.0,,,,,,47.0,,,,,77.0,,,,,,78.0
U022,Eeshithra,BCA-A,Sem 3,66.0,,,,,53.0,,84.0,,81.0,,,,36.0,52.0,,,,,50.0,,,,,,,54.0,,
U022,Eeshithra,BCA-A,Sem 4,91.0,,43.0,,,,64.0,,,,,,,,,,,,80.0,,48.0,,,49.0,,71.0,,80.0,
U023,Fahim,BCA-A,Sem 1,64.0,95.0,,57.0,,,,,,,,,63.0,,,54.0,72.0,,,,,62.0,,,75.0,,,,
U023,Fahim,BCA-A,Sem 2,95.0,,,,62.0,,,,67.0,,44.0,57.0,,,,,,86.0,,,,,36.0,,,,,,94.0
U023,Fahim,BCA-A,Sem 3,93.0,,,,,50.0,,54.0,,72.0,,,,33.0,65.0,,,,,47.0,,,,,,,40.0,,
U023,Fahim,BCA-A,Sem 4,79.0,,41.0,,,,72.0,,,,,,,,,,,,46.0,,69.0,,,92.0,,49.0,,80.0,
U024,Harideva,BCA-A,Sem 1,76.0,89.0,,54.0,,,,,,,,,64.0,,,59.0,47.0,,,,,65.0,,,89.0,,,,
U024,Harideva,BCA-A,Sem 2,80.0,,,,53.0,,,,62.0,,28.0,36.0,,,,,,77.0,,,,,69.0,,,,,,58.0
U024,Harideva,BCA-A,Sem 3,74.0,,,,,69.0,,36.0,,35.0,,,,5.0,55.0,,,,,52.0,,,,,,,45.0,,
U024,Harideva,BCA-A,Sem 4,70.0,,14.0,,,,90.0,,,,,,,,,,,,66.0,,71.0,,,43.0,,75.0,,45.0,
U025,Tarak,BCA-A,Sem 1,66.0,59.0,,71.0,,,,,,,,,50.0,,,71.0,57.0,,,,,79.0,,,53.0,,,,
U025,Tarak,BCA-A,Sem 2,65.0,,,,74.0,,,,38.0,,17.0,62.0,,,,,,35.0,,,,,36.0,,,,,,36.0
U025,Tarak,BCA-A,Sem 3,86.0,,,,,50.0,,74.0,,84.0,,,,38.0,65.0,,,,,94.0,,,,,,,70.0,,
U025,Tarak,BCA-A,Sem 4,78.0,,24.0,,,,63.0,,,,,,,,,,,,65.0,,73.0,,,90.0,,65.0,,93.0,
U026,Hafid,BCA-A,Sem 1,78.0,88.0,,77.0,,,,,,,,,36.0,,,52.0,60.0,,,,,71.0,,,35.0,,,,
U026,Hafid,BCA-A,Sem 2,76.0,,,,79.0,,,,87.0,,48.0,87.0,,,,,,72.0,,,,,85.0,,,,,,79.0
U026,Hafid,BCA-A,Sem 3,74.0,,,,,87.0,,72.0,,65.0,,,,33.0,72.0,,,,,65.0,,,,,,,87.0,,
U026,Hafid,BCA-A,Sem 4,79.0,,24.0,,,,49.0,,,,,,,,,,,,61.0,,67.0,,,88.0,,62.0,,71.0,
U027,Radhakrishna,BCA-A,Sem 1,63.0,73.0,,82.0,,,,,,,,,93.0,,,88.0,66.0,,,,,92.0,,,92.0,,,,
U027,Radhakrishna,BCA-A,Sem 2,80.0,,,,57.0,,,,85.0,,34.0,48.0,,,,,,37.0,,,,,82.0,,,,,,40.0
U027,Radhakrishna,BCA-A,Sem 3,62.0,,,,,40.0,,84.0,,37.0,,,,35.0,58.0,,,,,39.0,,,,,,,52.0,,
U027,Radhakrishna,BCA-A,Sem 4,76.0,,47.0,,,,69.0,,,,,,,,,,,,63.0,,35.0,,,69.0,,91.0,,95.0,
U028,Aaryai,BCA-A,Sem 1,78.0,86.0,,49.0,,,,,,,,,84.0,,,86.0,73.0,,,,,49.0,,,57.0,,,,
U028,Aaryai,BCA-A,Sem 2,67.0,,,,56.0,,,,71.0,,7.0,53.0,,,,,,58.0,,,,,63.0,,,,,,61.0
U028,Aaryai,BCA-A,Sem 3,82.0,,,,,75.0,,70.0,,60.0,,,,40.0,68.0,,,,,83.0,,,,,,,36.0,,
U028,Aaryai,BCA-A,Sem 4,90.0,,40.0,,,,50.0,,,,,,,,,,,,91.0,,75.0,,,55.0,,66.0,,38.0,
U029,Aaryara,BCA-A,Sem 1,72.0,51.0,,78.0,,,,,,,,,74.0,,,81.0,83.0,,,,,77.0,,,84.0,,,,
U029,Aaryara,BCA-A,Sem 2,91.0,,,,67.0,,,,92.0,,27.0,63.0,,,,,,46.0,,,,,41.0,,,,,,57.0
U029,Aaryara,BCA-A,Sem 3,91.0,,,,,45.0,,92.0,,35.0,,,,16.0,57.0,,,,,45.0,,,,,,,78.0,,
U029,Aaryara,BCA-A,Sem 4,93.0,,11.0,,,,61.0,,,,,,,,,,,,77.0,,86.0,,,78.0,,66.0,,68.0,
U030,Sachini,BCA-A,Sem 1,68.0,41.0,,92.0,,,,,,,,,75.0,,,76.0,75.0,,,,,54.0,,,37.0,,,,
U030,Sachini,BCA-A,Sem 3,91.0,,,,,85.0,,37.0,,61.0,,,,16.0,81.0,,,,,94.0,,,,,,,76.0,,
U030,Sachini,BCA-A,Sem 4,90.0,,7.0,,,,10.0,,,,,,,,,,,,20.0,,21.0,,,23.0,,17.0,,23.0,
U031,Indirali,BCA-A,Sem 1,88.0,72.0,,58.0,,,,,,,,,37.0,,,43.0,81.0,,,,,93.0,,,40.0,,,,
U031,Indirali,BCA-A,Sem 2,86.0,,,,55.0,,,,53.0,,39.0,85.0,,,,,,55.0,,,,,41.0,,,,,,41.0
U031,Indirali,BCA-A,Sem 3,94.0,,,,,76.0,,95.0,,59.0,,,,44.0,39.0,,,,,55.0,,,,,,,35.0,,
U031,Indirali,BCA-A,Sem 4,85.0,,16.0,,,,65.0,,,,,,,,,,,,95.0,,36.0,,,47.0,,79.0,,91.0,
U032,Riyaalit,BCA-A,Sem 1,78.0,82.0,,61.0,,,,,,,,,55.0,,,47.0,46.0,,,,,85.0,,,43.0,,,,
U032,Riyaalit,BCA-A,Sem 2,92.0,,,,72.0,,,,79.0,,10.0,79.0,,,,,,72.0,,,,,79.0,,,,,,84.0
U032,Riyaalit,BCA-A,Sem 3,76.0,,,,,64.0,,81.0,,76.0,,,,40.0,35.0,,,,,41.0,,,,,,,46.0,,
U032,Riyaalit,BCA-A,Sem 4,84.0,,14.0,,,,63.0,,,,,,,,,,,,84.0,,57.0,,,83.0,,93.0,,82.0,
U033,Aashira,BCA-A,Sem 1,94.0,58.0,,68.0,,,,,,,,,91.0,,,93.0,67.0,,,,,88.0,,,52.0,,,,
U033,Aashira,BCA-A,Sem 2,78.0,,,,74.0,,,,44.0,,32.0,65.0,,,,,,87.0,,,,,68.0,,,,,,89.0
U033,Aashira,BCA-A,Sem 3,76.0,,,,,87.0,,37.0,,36.0,,,,11.0,95.0,,,,,54.0,,,,,,,47.0,,
U033,Aashira,BCA-A,Sem 4,78.0,,13.0,,,,52.0,,,,,,,,,,,,78.0,,70.0,,,95.0,,65.0,,67.0,
U034,Usha,BCA-A,Sem 1,70.0,93.0,,87.0,,,,,,,,,51.0,,,65.0,95.0,,,,,53.0,,,86.0,,,,
U034,Usha,BCA-A,Sem 2,88.0,,,,61.0,,,,35.0,,40.0,92.0,,,,,,72.0,,,,,52.0,,,,,,93.0
U034,Usha,BCA-A,Sem 3,82.0,,,,,68.0,,62.0,,53.0,,,,5.0,62.0,,,,,62.0,,,,,,,89.0,,
U034,Usha,BCA-A,Sem 4,69.0,,14.0,,,,57.0,,,,,,,,,,,,78.0,,81.0,,,84.0,,95.0,,94.0,
U035,Chandanna,BCA-A,Sem 1,81.0,42.0,,64.0,,,,,,,,,86.0,,,44.0,39.0,,,,,49.0,,,83.0,,,,
U035,Chandanna,BCA-A,Sem 2,75.0,,,,55.0,,,,74.0,,0.0,80.0,,,,,,54.0,,,,,81.0,,,,,,70.0
U035,Chandanna,BCA-A,Sem 3,79.0,,,,,42.0,,47.0,,83.0,,,,40.0,35.0,,,,,94.0,,,,,,,61.0,,
U035,Chandanna,BCA-A,Sem 4,80.0,,4.0,,,,30.0,,,,,,,,,,,,20.0,,18.0,,,27.0,,10.0,,20.0,
U036,Arjun,BCA-A,Sem 2,92.0,,,,46.0,,,,54.0,,8.0,90.0,,,,,,38.0,,,,,80.0,,,,,,90.0
U036,Arjun,BCA-A,Sem 4,89.0,,31.0,,,,80.0,,,,,,,,,,,,42.0,,53.0,,,64.0,,72.0,,43.0,
U037,Chaitanya,BCA-A,Sem 1,85.0,51.0,,69.0,,,,,,,,,35.0,,,64.0,42.0,,,,,78.0,,,58.0,,,,
U037,Chaitanya,BCA-A,Sem 2,67.0,,,,82.0,,,,51.0,,14.0,76.0,,,,,,56.0,,,,,44.0,,,,,,63.0
U037,Chaitanya,BCA-A,Sem 3,84.0,,,,,81.0,,55.0,,44.0,,,,33.0,88.0,,,,,36.0,,,,,,,84.0,,
U037,Chaitanya,BCA-A,Sem 4,66.0,,15.0,,,,72.0,,,,,,,,,,,,89.0,,52.0,,,77.0,,69.0,,88.0,
U038,Qitara,BCA-A,Sem 1,76.0,59.0,,87.0,,,,,,,,,72.0,,,95.0,75.0,,,,,41.0,,,58.0,,,,
U038,Qitara,BCA-A,Sem 2,61.0,,,,86.0,,,,52.0,,36.0,46.0,,,,,,40.0,,,,,51.0,,,,,,78.0
U039,Atharva,BCA-A,Sem 1,74.0,36.0,,74.0,,,,,,,,,65.0,,,95.0,91.0,,,,,55.0,,,70.0,,,,
U039,Atharva,BCA-A,Sem 2,88.0,,,,90.0,,,,94.0,,24.0,40.0,,,,,,37.0,,,,,45.0,,,,,,67.0
U039,Atharva,BCA-A,Sem 3,87.0,,,,,41.0,,62.0,,67.0,,,,21.0,53.0,,,,,79.0,,,,,,,36.0,,
U039,Atharva,BCA-A,Sem 4,75.0,,19.0,,,,28.0,,,,,,,,,,,,27.0,,14.0,,,15.0,,12.0,,22.0,
U040,Chanchar,BCA-A,Sem 1,74.0,39.0,,75.0,,,,,,,,,76.0,,,64.0,87.0,,,,,79.0,,,93.0,,,,
U040,Chanchar,BCA-A,Sem 2,79.0,,,,79.0,,,,65.0,,5.0,87.0,,,,,,87.0,,,,,72.0,,,,,,83.0
U040,Chanchar,BCA-A,Sem 3,71.0,,,,,94.0,,78.0,,42.0,,,,19.0,74.0,,,,,77.0,,,,,,,64.0,,
U040,Chanchar,BCA-A,Sem 4,84.0,,50.0,,,,85.0,,,,,,,,,,,,91.0,,76.0,,,89.0,,55.0,,72.0,
U041,Eliseo,BCA-A,Sem 1,79.0,61.0,,42.0,,,,,,,,,76.0,,,37.0,43.0,,,,,37.0,,,95.0,,,,
U041,Eliseo,BCA-A,Sem 2,90.0,,,,39.0,,,,42.0,,31.0,43.0,,,,,,83.0,,,,,44.0,,,,,,72.0
U041,Eliseo,BCA-A,Sem 3,67.0,,,,,40.0,,74.0,,44.0,,,,3.0,67.0,,,,,38.0,,,,,,,93.0,,
U041,Eliseo,BCA-A,Sem 4,95.0,,21.0,,,,72.0,,,,,,,,,,,,87.0,,58.0,,,45.0,,59.0,,65.0,
U042,Abhalati,BCA-A,Sem 1,79.0,42.0,,41.0,,,,,,,,,66.0,,,91.0,50.0,,,,,43.0,,,69.0,,,,
U042,Abhalati,BCA-A,Sem 2,86.0,,,,57.0,,,,38.0,,40.0,44.0,,,,,,52.0,,,,,60.0,,,,,,53.0
U042,Abhalati,BCA-A,Sem 3,65.0,,,,,75.0,,51.0,,43.0,,,,0.0,37.0,,,,,43.0,,,,,,,46.0,,
U043,Omerede,BCA-A,Sem 1,84.0,58.0,,77.0,,,,,,,,,64.0,,,82.0,95.0,,,,,95.0,,,79.0,,,,
U043,Omerede,BCA-A,Sem 2,89.0,,,,79.0,,,,72.0,,36.0,86.0,,,,,,79.0,,,,,93.0,,,,,,73.0
U043,Omerede,BCA-A,Sem 3,84.0,,,,,47.0,,94.0,,80.0,,,,32.0,56.0,,,,,38.0,,,,,,,93.0,,
U043,Omerede,BCA-A,Sem 4,92.0,,11.0,,,,78.0,,,,,,,,,,,,69.0,,35.0,,,71.0,,69.0,,66.0,
U044,Chitragupta,BCA-A,Sem 1,94.0,72.0,,82.0,,,,,,,,,61.0,,,44.0,81.0,,,,,61.0,,,91.0,,,,
U044,Chitragupta,BCA-A,Sem 2,82.0,,,,88.0,,,,79.0,,9.0,36.0,,,,,,94.0,,,,,72.0,,,,,,55.0
U044,Chitragupta,BCA-A,Sem 3,61.0,,,,,36.0,,91.0,,62.0,,,,2.0,82.0,,,,,50.0,,,,,,,70.0,,
U044,Chitragupta,BCA-A,Sem 4,93.0,,34.0,,,,49.0,,,,,,,,,,,,69.0,,68.0,,,86.0,,54.0,,84.0,
U045,Abha,BCA-A,Sem 1,90.0,25.0,,29.0,,,,,,,,,13.0,,,18.0,23.0,,,,,21.0,,,11.0,,,,
U045,Abha,BCA-A,Sem 2,75.0,,,,46.0,,,,76.0,,46.0,40.0,,,,,,92.0,,,,,56.0,,,,,,92.0
U045,Abha,BCA-A,Sem 3,70.0,,,,,69.0,,87.0,,64.0,,,,46.0,42.0,,,,,58.0,,,,,,,64.0,,
U045,Abha,BCA-A,Sem 4,80.0,,29.0,,,,35.0,,,,,,,,,,,,83.0,,94.0,,,75.0,,92.0,,47.0,
U046,Kailin,BCA-A,Sem 1,73.0,63.0,,95.0,,,,,,,,,63.0,,,89.0,50.0,,,,,41.0,,,58.0,,,,
U046,Kailin,BCA-A,Sem 2,94.0,,,,95.0,,,,80.0,,24.0,35.0,,,,,,63.0,,,,,75.0,,,,,,87.0
U046,Kailin,BCA-A,Sem 3,73.0,,,,,86.0,,80.0,,89.0,,,,41.0,58.0,,,,,43.0,,,,,,,58.0,,
U046,Kailin,BCA-A,Sem 4,63.0,,34.0,,,,87.0,,,,,,,,,,,,87.0,,68.0,,,73.0,,76.0,,87.0,
U047,Gauribala,BCA-A,Sem 1,83.0,92.0,,76.0,,,,,,,,,69.0,,,38.0,57.0,,,,,52.0,,,60.0,,,,
U047,Gauribala,BCA-A,Sem 2,81.0,,,,53.0,,,,45.0,,27.0,47.0,,,,,,68.0,,,,,50.0,,,,,,93.0
U047,Gauribala,BCA-A,Sem 3,65.0,,,,,88.0,,50.0,,60.0,,,,17.0,66.0,,,,,38.0,,,,,,,37.0,,
U047,Gauribala,BCA-A,Sem 4,77.0,,47.0,,,,37.0,,,,,,,,,,,,59.0,,88.0,,,92.0,,48.0,,73.0,
U048,Riya,BCA-A,Sem 1,72.0,95.0,,89.0,,,,,,,,,42.0,,,64.0,87.0,,,,,77.0,,,40.0,,,,
U048,Riya,BCA-A,Sem 2,95.0,,,,68.0,,,,91.0,,40.0,49.0,,,,,,59.0,,,,,56.0,,,,,,72.0
U048,Riya,BCA-A,Sem 3,83.0,,,,,82.0,,63.0,,84.0,,,,35.0,61.0,,,,,78.0,,,,,,,57.0,,
U048,Riya,BCA-A,Sem 4,90.0,,13.0,,,,74.0,,,,,,,,,,,,36.0,,89.0,,,93.0,,92.0,,90.0,
U049,Ushabharti,BCA-A,Sem 1,73.0,65.0,,48.0,,,,,,,,,68.0,,,65.0,79.0,,,,,65.0,,,68.0,,,,
U049,Ushabharti,BCA-A,Sem 2,75.0,,,,87.0,,,,79.0,,44.0,65.0,,,,,,94.0,,,,,91.0,,,,,,87.0
U049,Ushabharti,BCA-A,Sem 3,75.0,,,,,15.0,,28.0,,21.0,,,,10.0,10.0,,,,,14.0,,,,,,,24.0,,
U049,Ushabharti,BCA-A,Sem 4,81.0,,28.0,,,,68.0,,,,,,,,,,,,83.0,,77.0,,,72.0,,80.0,,41.0,
U050,Abhalaya,BCA-A,Sem 1,73.0,90.0,,49.0,,,,,,,,,87.0,,,84.0,56.0,,,,,85.0,,,44.0,,,,
U050,Abhalaya,BCA-A,Sem 3,69.0,,,,,62.0,,87.0,,77.0,,,,18.0,79.0,,,,,79.0,,,,,,,65.0,,
U050,Abhalaya,BCA-A,Sem 4,63.0,,26.0,,,,75.0,,,,,,,,,,,,49.0,,44.0,,,55.0,,43.0,,69.0,
U051,Yasmin,BCA-A,Sem 1,60.0,89.0,,44.0,,,,,,,,,52.0,,,69.0,43.0,,,,,86.0,,,51.0,,,,
U051,Yasmin,BCA-A,Sem 2,60.0,,,,72.0,,,,37.0,,20.0,71.0,,,,,,89.0,,,,,82.0,,,,,,59.0
U051,Yasmin,BCA-A,Sem 3,86.0,,,,,82.0,,43.0,,60.0,,,,5.0,85.0,,,,,37.0,,,,,,,62.0,,
U051,Yasmin,BCA-A,Sem 4,65.0,,23.0,,,,50.0,,,,,,,,,,,,43.0,,90.0,,,78.0,,79.0,,88.0,
U052,Aneesh,BCA-A,Sem 1,71.0,77.0,,90.0,,,,,,,,,42.0,,,43.0,36.0,,,,,57.0,,,35.0,,,,
U052,Aneesh,BCA-A,Sem 2,63.0,,,,65.0,,,,88.0,,43.0,50.0,,,,,,60.0,,,,,42.0,,,,,,37.0
U052,Aneesh,BCA-A,Sem 4,80.0,,33.0,,,,84.0,,,,,,,,,,,,46.0,,68.0,,,77.0,,69.0,,41.0,
U053,Sakshini,BCA-A,Sem 1,75.0,55.0,,36.0,,,,,,,,,72.0,,,51.0,46.0,,,,,43.0,,,38.0,,,,
U053,Sakshini,BCA-A,Sem 2,68.0,,,,83.0,,,,62.0,,5.0,87.0,,,,,,71.0,,,,,86.0,,,,,,81.0
U053,Sakshini,BCA-A,Sem 3,83.0,,,,,91.0,,77.0,,85.0,,,,1.0,39.0,,,,,84.0,,,,,,,73.0,,
U053,Sakshini,BCA-A,Sem 4,90.0,,14.0,,,,64.0,,,,,,,,,,,,82.0,,77.0,,,91.0,,46.0,,47.0,
U054,Rajeshpannalal,BCA-A,Sem 1,86.0,42.0,,82.0,,,,,,,,,68.0,,,65.0,39.0,,,,,84.0,,,63.0,,,,
U054,Rajeshpannalal,BCA-A,Sem 2,93.0,,,,42.0,,,,52.0,,28.0,36.0,,,,,,86.0,,,,,86.0,,,,,,50.0
U054,Rajeshpannalal,BCA-A,Sem 3,76.0,,,,,42.0,,90.0,,76.0,,,,38.0,37.0,,,,,62.0,,,,,,,76.0,,
U054,Rajeshpannalal,BCA-A,Sem 4,94.0,,21.0,,,,91.0,,,,,,,,,,,,47.0,,44.0,,,38.0,,70.0,,94.0,
U055,Fahir,BCA-A,Sem 2,80.0,,,,20.0,,,,29.0,,20.0,27.0,,,,,,25.0,,,,,23.0,,,,,,17.0
U055,Fahir,BCA-A,Sem 3,82.0,,,,,44.0,,49.0,,52.0,,,,9.0,87.0,,,,,92.0,,,,,,,76.0,,
U055,Fahir,BCA-A,Sem 4,93.0,,17.0,,,,78.0,,,,,,,,,,,,66.0,,89.0,,,45.0,,85.0,,59.0,
U056,Abhalika,BCA-A,Sem 1,93.0,64.0,,76.0,,,,,,,,,54.0,,,38.0,36.0,,,,,89.0,,,65.0,,,,
U056,Abhalika,BCA-A,Sem 2,82.0,,,,58.0,,,,40.0,,15.0,54.0,,,,,,95.0,,,,,62.0,,,,,,77.0
U056,Abhalika,BCA-A,Sem 3,78.0,,,,,65.0,,79.0,,68.0,,,,26.0,87.0,,,,,68.0,,,,,,,79.0,,
U056,Abhalika,BCA-A,Sem 4,91.0,,28.0,,,,66.0,,,,,,,,,,,,86.0,,69.0,,,83.0,,65.0,,43.0,
U057,Elisha,BCA-A,Sem 1,85.0,78.0,,41.0,,,,,,,,,62.0,,,80.0,66.0,,,,,63.0,,,93.0,,,,
U057,Elisha,BCA-A,Sem 2,82.0,,,,61.0,,,,71.0,,48.0,40.0,,,,,,65.0,,,,,91.0,,,,,,74.0
U057,Elisha,BCA-A,Sem 3,62.0,,,,,50.0,,89.0,,53.0,,,,39.0,60.0,,,,,81.0,,,,,,,41.0,,
U057,Elisha,BCA-A,Sem 4,88.0,,15.0,,,,68.0,,,,,,,,,,,,44.0,,81.0,,,63.0,,77.0,,91.0,
U058,Baskaran,BCA-A,Sem 1,64.0,40.0,,55.0,,,,,,,,,92.0,,,44.0,73.0,,,,,43.0,,,39.0,,,,
U058,Baskaran,BCA-A,Sem 2,63.0,,,,41.0,,,,53.0,,29.0,62.0,,,,,,59.0,,,,,47.0,,,,,,48.0
U058,Baskaran,BCA-A,Sem 3,80.0,,,,,28.0,,22.0,,19.0,,,,11.0,30.0,,,,,11.0,,,,,,,17.0,,
U058,Baskaran,BCA-A,Sem 4,76.0,,6.0,,,,91.0,,,,,,,,,,,,51.0,,82.0,,,43.0,,51.0,,81.0,
U059,Gajodhar,BCA-A,Sem 1,77.0,75.0,,72.0,,,,,,,,,74.0,,,80.0,70.0,,,,,59.0,,,55.0,,,,
U059,Gajodhar,BCA-A,Sem 2,70.0,,,,88.0,,,,73.0,,5.0,83.0,,,,,,81.0,,,,,67.0,,,,,,82.0
U059,Gajodhar,BCA-A,Sem 3,72.0,,,,,84.0,,74.0,,55.0,,,,3.0,50.0,,,,,45.0,,,,,,,84.0,,
U060,Varada,BCA-A,Sem 1,93.0,64.0,,67.0,,,,,,,,,53.0,,,62.0,73.0,,,,,85.0,,,41.0,,,,
U060,Varada,BCA-A,Sem 2,82.0,,,,82.0,,,,36.0,,41.0,50.0,,,,,,45.0,,,,,64.0,,,,,,94.0
U060,Varada,BCA-A,Sem 4,62.0,,1.0,,,,82.0,,,,,,,,,,,,39.0,,80.0,,,50.0,,38.0,,88.0,
U061,Hajj,BCA-A,Sem 1,67.0,76.0,,76.0,,,,,,,,,89.0,,,84.0,91.0,,,,,81.0,,,70.0,,,,
U061,Hajj,BCA-A,Sem 2,61.0,,,,55.0,,,,55.0,,26.0,65.0,,,,,,60.0,,,,,45.0,,,,,,70.0
U061,Hajj,BCA-A,Sem 3,90.0,,,,,40.0,,44.0,,55.0,,,,15.0,93.0,,,,,74.0,,,,,,,38.0,,
U062,Harideo,BCA-A,Sem 1,73.0,72.0,,72.0,,,,,,,,,87.0,,,81.0,72.0,,,,,87.0,,,41.0,,,,
U062,Harideo,BCA-A,Sem 2,71.0,,,,69.0,,,,42.0,,41.0,85.0,,,,,,38.0,,,,,64.0,,,,,,64.0
U062,Harideo,BCA-A,Sem 3,62.0,,,,,58.0,,72.0,,54.0,,,,0.0,67.0,,,,,93.0,,,,,,,35.0,,
U062,Harideo,BCA-A,Sem 4,72.0,,14.0,,,,53.0,,,,,,,,,,,,86.0,,49.0,,,36.0,,57.0,,35.0,
U063,Aashita,BCA-A,Sem 1,87.0,77.0,,51.0,,,,,,,,,55.0,,,44.0,58.0,,,,,94.0,,,78.0,,,,
U063,Aashita,BCA-A,Sem 2,62.0,,,,35.0,,,,80.0,,35.0,53.0,,,,,,91.0,,,,,77.0,,,,,,61.0
U063,Aashita,BCA-A,Sem 3,86.0,,,,,61.0,,62.0,,71.0,,,,34.0,82.0,,,,,62.0,,,,,,,62.0,,
U063,Aashita,BCA-A,Sem 4,77.0,,33.0,,,,95.0,,,,,,,,,,,,45.0,,60.0,,,85.0,,47.0,,45.0,
U064,Indirah,BCA-A,Sem 1,90.0,40.0,,88.0,,,,,,,,,39.0,,,40.0,40.0,,,,,41.0,,,62.0,,,,
U064,Indirah,BCA-A,Sem 2,90.0,,,,18.0,,,,20.0,,12.0,18.0,,,,,,14.0,,,,,17.0,,,,,,24.0
U064,Indirah,BCA-A,Sem 3,84.0,,,,,68.0,,87.0,,71.0,,,,26.0,58.0,,,,,94.0,,,,,,,75.0,,
U064,Indirah,BCA-A,Sem 4,88.0,,4.0,,,,87.0,,,,,,,,,,,,67.0,,87.0,,,65.0,,95.0,,72.0,
U065,Waleedullah,BCA-A,Sem 1,83.0,43.0,,70.0,,,,,,,,,86.0,,,72.0,38.0,,,,,70.0,,,70.0,,,,
U065,Waleedullah,BCA-A,Sem 2,95.0,,,,74.0,,,,58.0,,38.0,68.0,,,,,,71.0,,,,,81.0,,,,,,90.0
U065,Waleedullah,BCA-A,Sem 3,62.0,,,,,63.0,,60.0,,91.0,,,,40.0,62.0,,,,,88.0,,,,,,,38.0,,
U065,Waleedullah,BCA-A,Sem 4,90.0,,12.0,,,,83.0,,,,,,,,,,,,37.0,,75.0,,,44.0,,51.0,,39.0,
U066,Isaura,BCA-A,Sem 1,81.0,42.0,,61.0,,,,,,,,,77.0,,,90.0,57.0,,,,,95.0,,,77.0,,,,
U066,Isaura,BCA-A,Sem 3,91.0,,,,,62.0,,61.0,,62.0,,,,26.0,82.0,,,,,85.0,,,,,,,91.0,,
U066,Isaura,BCA-A,Sem 4,62.0,,2.0,,,,71.0,,,,,,,,,,,,41.0,,59.0,,,48.0,,51.0,,61.0,
U067,Binu,BCA-A,Sem 1,87.0,93.0,,81.0,,,,,,,,,90.0,,,53.0,38.0,,,,,54.0,,,73.0,,,,
U067,Binu,BCA-A,Sem 2,94.0,,,,64.0,,,,63.0,,0.0,73.0,,,,,,95.0,,,,,67.0,,,,,,83.0
U067,Binu,BCA-A,Sem 3,75.0,,,,,72.0,,65.0,,65.0,,,,48.0,68.0,,,,,68.0,,,,,,,68.0,,
U067,Binu,BCA-A,Sem 4,73.0,,25.0,,,,80.0,,,,,,,,,,,,56.0,,90.0,,,48.0,,50.0,,63.0,
U068,Hackett,BCA-A,Sem 1,82.0,71.0,,67.0,,,,,,,,,41.0,,,44.0,48.0,,,,,65.0,,,77.0,,,,
U068,Hackett,BCA-A,Sem 2,70.0,,,,36.0,,,,62.0,,36.0,36.0,,,,,,70.0,,,,,35.0,,,,,,78.0
U068,Hackett,BCA-A,Sem 3,64.0,,,,,90.0,,89.0,,67.0,,,,32.0,66.0,,,,,74.0,,,,,,,37.0,,
U068,Hackett,BCA-A,Sem 4,81.0,,40.0,,,,45.0,,,,,,,,,,,,68.0,,72.0,,,61.0,,64.0,,61.0,
U069,Maherer,BCA-A,Sem 1,74.0,41.0,,57.0,,,,,,,,,89.0,,,70.0,89.0,,,,,42.0,,,58.0,,,,
U069,Maherer,BCA-A,Sem 2,79.0,,,,42.0,,,,45.0,,24.0,37.0,,,,,,78.0,,,,,68.0,,,,,,93.0
U069,Maherer,BCA-A,Sem 3,76.0,,,,,35.0,,86.0,,59.0,,,,23.0,71.0,,,,,83.0,,,,,,,65.0,,
U069,Maherer,BCA-A,Sem 4,65.0,,50.0,,,,72.0,,,,,,,,,,,,70.0,,45.0,,,88.0,,80.0,,88.0,
U070,Aashvi,BCA-A,Sem 1,77.0,49.0,,86.0,,,,,,,,,71.0,,,89.0,62.0,,,,,84.0,,,70.0,,,,
U070,Aashvi,BCA-A,Sem 2,73.0,,,,64.0,,,,44.0,,39.0,93.0,,,,,,67.0,,,,,44.0,,,,,,60.0
U070,Aashvi,BCA-A,Sem 3,92.0,,,,,80.0,,80.0,,38.0,,,,11.0,48.0,,,,,75.0,,,,,,,40.0,,
U070,Aashvi,BCA-A,Sem 4,75.0,,0.0,,,,29.0,,,,,,,,,,,,12.0,,23.0,,,29.0,,21.0,,12.0,
U071,Ayush,BCA-A,Sem 1,95.0,73.0,,94.0,,,,,,,,,36.0,,,88.0,77.0,,,,,52.0,,,79.0,,,,
U071,Ayush,BCA-A,Sem 2,88.0,,,,48.0,,,,46.0,,16.0,70.0,,,,,,40.0,,,,,50.0,,,,,,68.0
U071,Ayush,BCA-A,Sem 3,83.0,,,,,56.0,,87.0,,88.0,,,,11.0,89.0,,,,,46.0,,,,,,,60.0,,
U071,Ayush,BCA-A,Sem 4,82.0,,39.0,,,,86.0,,,,,,,,,,,,54.0,,46.0,,,85.0,,52.0,,47.0,
U072,Maheta,BCA-A,Sem 1,61.0,52.0,,79.0,,,,,,,,,46.0,,,54.0,83.0,,,,,56.0,,,93.0,,,,
U072,Maheta,BCA-A,Sem 2,65.0,,,,40.0,,,,87.0,,16.0,54.0,,,,,,46.0,,,,,93.0,,,,,,95.0
U072,Maheta,BCA-A,Sem 3,90.0,,,,,40.0,,95.0,,79.0,,,,10.0,57.0,,,,,36.0,,,,,,,40.0,,
U072,Maheta,BCA-A,Sem 4,72.0,,22.0,,,,37.0,,,,,,,,,,,,68.0,,39.0,,,51.0,,38.0,,72.0,
U073,Arnav,BCA-A,Sem 1,82.0,46.0,,90.0,,,,,,,,,35.0,,,71.0,44.0,,,,,60.0,,,77.0,,,,
U073,Arnav,BCA-A,Sem 2,91.0,,,,68.0,,,,64.0,,22.0,37.0,,,,,,35.0,,,,,58.0,,,,,,54.0
U073,Arnav,BCA-A,Sem 3,78.0,,,,,92.0,,59.0,,70.0,,,,43.0,59.0,,,,,92.0,,,,,,,74.0,,
U073,Arnav,BCA-A,Sem 4,69.0,,0.0,,,,45.0,,,,,,,,,,,,85.0,,41.0,,,92.0,,48.0,,45.0,
U074,Darji,BCA-A,Sem 1,64.0,82.0,,75.0,,,,,,,,,44.0,,,40.0,36.0,,,,,68.0,,,82.0,,,,
U074,Darji,BCA-A,Sem 3,78.0,,,,,56.0,,58.0,,42.0,,,,48.0,47.0,,,,,49.0,,,,,,,81.0,,
U074,Darji,BCA-A,Sem 4,75.5,,6.0,,,,17.0,,,,,,,,,,,,17.0,,23.0,,,12.0,,16.0,,11.0,
U075,Deepalini,BCA-A,Sem 1,73.0,61.0,,64.0,,,,,,,,,59.0,,,45.0,56.0,,,,,54.0,,,58.0,,,,
U075,Deepalini,BCA-A,Sem 2,74.0,,,,72.0,,,,77.0,,47.0,52.0,,,,,,36.0,,,,,90.0,,,,,,51.0
U075,Deepalini,BCA-A,Sem 3,85.0,,,,,41.0,,85.0,,87.0,,,,29.0,61.0,,,,,58.0,,,,,,,91.0,,
U075,Deepalini,BCA-A,Sem 4,75.0,,7.0,,,,87.0,,,,,,,,,,,,90.0,,61.0,,,59.0,,46.0,,55.0,
U076,Jagdamba,BCA-B,Sem 1,80.0,95.0,,71.0,,,,,,,,,84.0,,,40.0,73.0,,,,,38.0,,,91.0,,,,
U076,Jagdamba,BCA-B,Sem 2,86.0,,,,85.0,,,,92.0,,13.0,42.0,,,,,,48.0,,,,,36.0,,,,,,95.0
U076,Jagdamba,BCA-B,Sem 3,90.0,,,,,45.0,,67.0,,64.0,,,,46.0,89.0,,,,,43.0,,,,,,,73.0,,
U076,Jagdamba,BCA-B,Sem 4,77.0,,50.0,,,,90.0,,,,,,,,,,,,85.0,,42.0,,,77.0,,37.0,,52.0,
U077,Harithya,BCA-B,Sem 1,69.0,83.0,,74.0,,,,,,,,,45.0,,,78.0,38.0,,,,,52.0,,,40.0,,,,
U077,Harithya,BCA-B,Sem 2,81.0,,,,73.0,,,,64.0,,16.0,68.0,,,,,,74.0,,,,,47.0,,,,,,87.0
U077,Harithya,BCA-B,Sem 3,72.0,,,,,39.0,,75.0,,55.0,,,,30.0,70.0,,,,,68.0,,,,,,,73.0,,
U077,Harithya,BCA-B,Sem 4,70.0,,26.0,,,,89.0,,,,,,,,,,,,67.0,,54.0,,,57.0,,74.0,,95.0,
U078,Zaraa,BCA-B,Sem 1,88.0,62.0,,66.0,,,,,,,,,77.0,,,63.0,73.0,,,,,52.0,,,61.0,,,,
U078,Zaraa,BCA-B,Sem 2,81.0,,,,52.0,,,,66.0,,15.0,36.0,,,,,,40.0,,,,,79.0,,,,,,37.0
U078,Zaraa,BCA-B,Sem 3,61.0,,,,,75.0,,63.0,,37.0,,,,37.0,49.0,,,,,54.0,,,,,,,61.0,,
U078,Zaraa,BCA-B,Sem 4,92.0,,6.0,,,,95.0,,,,,,,,,,,,86.0,,73.0,,,68.0,,85.0,,80.0,
U079,Harithavati,BCA-B,Sem 2,75.0,,,,16.0,,,,22.0,,13.0,29.0,,,,,,18.0,,,,,22.0,,,,,,29.0
U079,Harithavati,BCA-B,Sem 3,92.0,,,,,55.0,,47.0,,90.0,,,,29.0,93.0,,,,,76.0,,,,,,,75.0,,
U079,Harithavati,BCA-B,Sem 4,75.5,,6.0,,,,16.0,,,,,,,,,,,,20.0,,13.0,,,26.0,,16.0,,24.0,
U080,Avi,BCA-B,Sem 1,91.0,77.0,,54.0,,,,,,,,,68.0,,,49.0,37.0,,,,,73.0,,,60.0,,,,
U080,Avi,BCA-B,Sem 2,62.0,,,,54.0,,,,63.0,,7.0,62.0,,,,,,95.0,,,,,51.0,,,,,,90.0
U080,Avi,BCA-B,Sem 3,80.0,,,,,56.0,,61.0,,48.0,,,,13.0,45.0,,,,,78.0,,,,,,,95.0,,
U080,Avi,BCA-B,Sem 4,93.0,,42.0,,,,84.0,,,,,,,,,,,,52.0,,59.0,,,60.0,,36.0,,54.0,
U081,Wamia,BCA-B,Sem 1,63.0,48.0,,54.0,,,,,,,,,35.0,,,48.0,95.0,,,,,43.0,,,84.0,,,,
U081,Wamia,BCA-B,Sem 2,66.0,,,,64.0,,,,55.0,,12.0,94.0,,,,,,61.0,,,,,47.0,,,,,,38.0
U081,Wamia,BCA-B,Sem 4,73.0,,6.0,,,,84.0,,,,,,,,,,,,50.0,,58.0,,,61.0,,83.0,,78.0,
U082,Priyaa,BCA-B,Sem 1,76.0,55.0,,42.0,,,,,,,,,53.0,,,66.0,35.0,,,,,62.0,,,82.0,,,,
U082,Priyaa,BCA-B,Sem 2,85.0,,,,88.0,,,,72.0,,49.0,82.0,,,,,,42.0,,,,,44.0,,,,,,62.0
U082,Priyaa,BCA-B,Sem 4,60.0,,34.0,,,,36.0,,,,,,,,,,,,95.0,,43.0,,,61.0,,63.0,,85.0,
U083,Tarakamatha,BCA-B,Sem 1,71.0,59.0,,69.0,,,,,,,,,43.0,,,49.0,80.0,,,,,70.0,,,67.0,,,,
U083,Tarakamatha,BCA-B,Sem 2,90.0,,,,28.0,,,,22.0,,0.0,15.0,,,,,,21.0,,,,,16.0,,,,,,28.0
U083,Tarakamatha,BCA-B,Sem 3,81.0,,,,,50.0,,46.0,,35.0,,,,17.0,75.0,,,,,69.0,,,,,,,68.0,,
U083,Tarakamatha,BCA-B,Sem 4,82.0,,22.0,,,,62.0,,,,,,,,,,,,95.0,,67.0,,,71.0,,95.0,,36.0,
U084,Naventhralraj,BCA-B,Sem 1,82.0,60.0,,90.0,,,,,,,,,39.0,,,37.0,82.0,,,,,36.0,,,62.0,,,,
U084,Naventhralraj,BCA-B,Sem 2,74.0,,,,87.0,,,,42.0,,47.0,83.0,,,,,,92.0,,,,,59.0,,,,,,39.0
U084,Naventhralraj,BCA-B,Sem 3,75.0,,,,,77.0,,52.0,,74.0,,,,14.0,46.0,,,,,83.0,,,,,,,39.0,,
U084,Naventhralraj,BCA-B,Sem 4,79.0,,9.0,,,,66.0,,,,,,,,,,,,86.0,,43.0,,,42.0,,84.0,,35.0,
U085,Darrius,BCA-B,Sem 1,89.0,39.0,,90.0,,,,,,,,,93.0,,,71.0,55.0,,,,,71.0,,,62.0,,,,
U085,Darrius,BCA-B,Sem 2,63.0,,,,54.0,,,,72.0,,19.0,79.0,,,,,,79.0,,,,,79.0,,,,,,68.0
U085,Darrius,BCA-B,Sem 3,95.0,,,,,79.0,,35.0,,56.0,,,,41.0,62.0,,,,,46.0,,,,,,,90.0,,
U085,Darrius,BCA-B,Sem 4,73.0,,3.0,,,,35.0,,,,,,,,,,,,73.0,,48.0,,,64.0,,69.0,,69.0,
U086,Jaya,BCA-B,Sem 1,85.0,75.0,,61.0,,,,,,,,,80.0,,,42.0,53.0,,,,,36.0,,,60.0,,,,
U086,Jaya,BCA-B,Sem 2,84.0,,,,58.0,,,,80.0,,41.0,80.0,,,,,,49.0,,,,,88.0,,,,,,84.0
U086,Jaya,BCA-B,Sem 3,62.0,,,,,73.0,,44.0,,70.0,,,,30.0,37.0,,,,,65.0,,,,,,,47.0,,
U086,Jaya,BCA-B,Sem 4,87.0,,5.0,,,,64.0,,,,,,,,,,,,40.0,,65.0,,,49.0,,51.0,,47.0,
U087,Eeshitra,BCA-B,Sem 1,80.0,86.0,,95.0,,,,,,,,,45.0,,,64.0,74.0,,,,,79.0,,,88.0,,,,
U087,Eeshitra,BCA-B,Sem 2,68.0,,,,52.0,,,,50.0,,2.0,64.0,,,,,,76.0,,,,,84.0,,,,,,75.0
U087,Eeshitra,BCA-B,Sem 3,95.0,,,,,73.0,,58.0,,75.0,,,,37.0,58.0,,,,,43.0,,,,,,,86.0,,
U087,Eeshitra,BCA-B,Sem 4,64.0,,32.0,,,,41.0,,,,,,,,,,,,66.0,,85.0,,,42.0,,63.0,,50.0,
U088,Jayabhayi,BCA-B,Sem 1,83.0,62.0,,89.0,,,,,,,,,40.0,,,50.0,41.0,,,,,72.0,,,62.0,,,,
U088,Jayabhayi,BCA-B,Sem 2,60.0,,,,65.0,,,,35.0,,37.0,47.0,,,,,,42.0,,,,,56.0,,,,,,52.0
U088,Jayabhayi,BCA-B,Sem 3,72.0,,,,,94.0,,77.0,,35.0,,,,21.0,36.0,,,,,57.0,,,,,,,76.0,,
U088,Jayabhayi,BCA-B,Sem 4,94.0,,18.0,,,,89.0,,,,,,,,,,,,47.0,,74.0,,,87.0,,69.0,,90.0,
U089,Kaill,BCA-B,Sem 1,85.0,40.0,,60.0,,,,,,,,,68.0,,,54.0,90.0,,,,,56.0,,,82.0,,,,
U089,Kaill,BCA-B,Sem 2,73.0,,,,63.0,,,,70.0,,32.0,45.0,,,,,,55.0,,,,,72.0,,,,,,89.0
U089,Kaill,BCA-B,Sem 3,68.0,,,,,85.0,,81.0,,39.0,,,,34.0,92.0,,,,,54.0,,,,,,,82.0,,
U089,Kaill,BCA-B,Sem 4,75.0,,16.0,,,,29.0,,,,,,,,,,,,20.0,,25.0,,,11.0,,14.0,,24.0,
U090,Abhainn,BCA-B,Sem 1,74.0,84.0,,45.0,,,,,,,,,56.0,,,67.0,39.0,,,,,42.0,,,75.0,,,,
U090,Abhainn,BCA-B,Sem 2,61.0,,,,53.0,,,,67.0,,24.0,67.0,,,,,,80.0,,,,,41.0,,,,,,67.0
U090,Abhainn,BCA-B,Sem 3,93.0,,,,,56.0,,61.0,,42.0,,,,1.0,51.0,,,,,35.0,,,,,,,90.0,,
U090,Abhainn,BCA-B,Sem 4,65.0,,5.0,,,,86.0,,,,,,,,,,,,82.0,,90.0,,,75.0,,60.0,,48.0,
U091,Tarakamoon,BCA-B,Sem 1,75.5,16.0,,21.0,,,,,,,,,26.0,,,30.0,21.0,,,,,17.0,,,14.0,,,,
U091,Tarakamoon,BCA-B,Sem 2,90.0,,,,19.0,,,,12.0,,7.0,14.0,,,,,,29.0,,,,,19.0,,,,,,25.0
U091,Tarakamoon,BCA-B,Sem 4,83.0,,16.0,,,,68.0,,,,,,,,,,,,48.0,,38.0,,,54.0,,46.0,,72.0,
U092,Bhavnesh,BCA-B,Sem 1,66.0,51.0,,47.0,,,,,,,,,44.0,,,73.0,46.0,,,,,83.0,,,44.0,,,,
U092,Bhavnesh,BCA-B,Sem 2,82.0,,,,65.0,,,,62.0,,1.0,73.0,,,,,,85.0,,,,,42.0,,,,,,58.0
U092,Bhavnesh,BCA-B,Sem 3,90.0,,,,,85.0,,47.0,,55.0,,,,29.0,68.0,,,,,58.0,,,,,,,43.0,,
U092,Bhavnesh,BCA-B,Sem 4,64.0,,28.0,,,,43.0,,,,,,,,,,,,81.0,,93.0,,,76.0,,75.0,,90.0,
U093,Kailey,BCA-B,Sem 1,64.0,95.0,,84.0,,,,,,,,,46.0,,,66.0,75.0,,,,,83.0,,,64.0,,,,
U093,Kailey,BCA-B,Sem 2,88.0,,,,78.0,,,,66.0,,32.0,51.0,,,,,,43.0,,,,,63.0,,,,,,35.0
U093,Kailey,BCA-B,Sem 3,65.0,,,,,84.0,,94.0,,53.0,,,,19.0,69.0,,,,,73.0,,,,,,,50.0,,
U093,Kailey,BCA-B,Sem 4,74.0,,34.0,,,,93.0,,,,,,,,,,,,85.0,,55.0,,,60.0,,58.0,,46.0,
U094,Kailani,BCA-B,Sem 1,88.0,72.0,,79.0,,,,,,,,,44.0,,,72.0,72.0,,,,,87.0,,,87.0,,,,
U094,Kailani,BCA-B,Sem 2,90.0,,,,22.0,,,,30.0,,1.0,19.0,,,,,,23.0,,,,,23.0,,,,,,21.0
U094,Kailani,BCA-B,Sem 3,91.0,,,,,46.0,,52.0,,60.0,,,,14.0,46.0,,,,,60.0,,,,,,,91.0,,
U094,Kailani,BCA-B,Sem 4,71.0,,36.0,,,,74.0,,,,,,,,,,,,52.0,,66.0,,,48.0,,73.0,,55.0,
U095,Ushaara,BCA-B,Sem 1,63.0,67.0,,39.0,,,,,,,,,57.0,,,64.0,54.0,,,,,37.0,,,63.0,,,,
U095,Ushaara,BCA-B,Sem 2,92.0,,,,88.0,,,,81.0,,37.0,36.0,,,,,,76.0,,,,,81.0,,,,,,66.0
U095,Ushaara,BCA-B,Sem 3,77.0,,,,,71.0,,64.0,,35.0,,,,25.0,85.0,,,,,66.0,,,,,,,36.0,,
U095,Ushaara,BCA-B,Sem 4,79.0,,1.0,,,,57.0,,,,,,,,,,,,52.0,,42.0,,,74.0,,77.0,,87.0,
U096,Haritaa,BCA-B,Sem 1,63.0,88.0,,53.0,,,,,,,,,58.0,,,76.0,39.0,,,,,89.0,,,90.0,,,,
U096,Haritaa,BCA-B,Sem 2,86.0,,,,66.0,,,,65.0,,5.0,68.0,,,,,,87.0,,,,,68.0,,,,,,87.0
U096,Haritaa,BCA-B,Sem 3,65.0,,,,,72.0,,79.0,,55.0,,,,10.0,72.0,,,,,55.0,,,,,,,92.0,,
U096,Haritaa,BCA-B,Sem 4,77.0,,39.0,,,,59.0,,,,,,,,,,,,45.0,,51.0,,,93.0,,50.0,,89.0,
U097,Aarushi,BCA-B,Sem 1,65.0,73.0,,67.0,,,,,,,,,74.0,,,64.0,59.0,,,,,70.0,,,72.0,,,,
U097,Aarushi,BCA-B,Sem 2,92.0,,,,83.0,,,,55.0,,43.0,40.0,,,,,,57.0,,,,,91.0,,,,,,91.0
U097,Aarushi,BCA-B,Sem 3,92.0,,,,,79.0,,79.0,,76.0,,,,50.0,82.0,,,,,87.0,,,,,,,79.0,,
U097,Aarushi,BCA-B,Sem 4,64.0,,12.0,,,,48.0,,,,,,,,,,,,83.0,,80.0,,,53.0,,50.0,,47.0,
U098,Aaryanka,BCA-B,Sem 1,62.0,93.0,,86.0,,,,,,,,,63.0,,,76.0,71.0,,,,,55.0,,,47.0,,,,
U098,Aaryanka,BCA-B,Sem 2,64.0,,,,36.0,,,,45.0,,25.0,57.0,,,,,,92.0,,,,,66.0,,,,,,80.0
U098,Aaryanka,BCA-B,Sem 3,73.0,,,,,65.0,,79.0,,79.0,,,,36.0,79.0,,,,,72.0,,,,,,,68.0,,
U098,Aaryanka,BCA-B,Sem 4,86.0,,44.0,,,,62.0,,,,,,,,,,,,93.0,,38.0,,,72.0,,85.0,,67.0,
U099,Wamia,BCA-B,Sem 1,90.0,44.0,,38.0,,,,,,,,,67.0,,,41.0,63.0,,,,,92.0,,,86.0,,,,
U099,Wamia,BCA-B,Sem 2,70.0,,,,68.0,,,,45.0,,43.0,81.0,,,,,,78.0,,,,,83.0,,,,,,85.0
U099,Wamia,BCA-B,Sem 3,90.0,,,,,45.0,,85.0,,40.0,,,,38.0,54.0,,,,,39.0,,,,,,,76.0,,
U099,Wamia,BCA-B,Sem 4,73.0,,2.0,,,,48.0,,,,,,,,,,,,42.0,,82.0,,,86.0,,88.0,,83.0,
U100,Paragkish,BCA-B,Sem 1,81.0,40.0,,67.0,,,,,,,,,80.0,,,46.0,76.0,,,,,50.0,,,37.0,,,,
U100,Paragkish,BCA-B,Sem 2,80.0,,,,36.0,,,,35.0,,45.0,44.0,,,,,,38.0,,,,,41.0,,,,,,88.0
U100,Paragkish,BCA-B,Sem 3,80.0,,,,,35.0,,84.0,,74.0,,,,15.0,72.0,,,,,70.0,,,,,,,37.0,,
U100,Paragkish,BCA-B,Sem 4,91.0,,46.0,,,,48.0,,,,,,,,,,,,58.0,,45.0,,,81.0,,57.0,,79.0,
U101,Sakshini,BCA-B,Sem 1,88.0,68.0,,68.0,,,,,,,,,63.0,,,45.0,74.0,,,,,58.0,,,58.0,,,,
U101,Sakshini,BCA-B,Sem 2,83.0,,,,68.0,,,,83.0,,17.0,94.0,,,,,,40.0,,,,,40.0,,,,,,71.0
U101,Sakshini,BCA-B,Sem 3,89.0,,,,,46.0,,50.0,,44.0,,,,37.0,40.0,,,,,43.0,,,,,,,78.0,,
U101,Sakshini,BCA-B,Sem 4,88.0,,32.0,,,,53.0,,,,,,,,,,,,39.0,,44.0,,,62.0,,73.0,,68.0,
U102,Umashankar,BCA-B,Sem 1,78.0,61.0,,84.0,,,,,,,,,59.0,,,78.0,56.0,,,,,38.0,,,73.0,,,,
U102,Umashankar,BCA-B,Sem 2,73.0,,,,68.0,,,,95.0,,44.0,75.0,,,,,,88.0,,,,,46.0,,,,,,80.0
U102,Umashankar,BCA-B,Sem 3,76.0,,,,,57.0,,71.0,,43.0,,,,24.0,83.0,,,,,81.0,,,,,,,65.0,,
U102,Umashankar,BCA-B,Sem 4,90.0,,20.0,,,,85.0,,,,,,,,,,,,39.0,,73.0,,,57.0,,53.0,,43.0,
U103,Radhakrushna,BCA-B,Sem 1,81.0,56.0,,41.0,,,,,,,,,39.0,,,78.0,70.0,,,,,53.0,,,59.0,,,,
U103,Radhakrushna,BCA-B,Sem 2,66.0,,,,35.0,,,,72.0,,36.0,62.0,,,,,,90.0,,,,,69.0,,,,,,88.0
U103,Radhakrushna,BCA-B,Sem 3,83.0,,,,,64.0,,52.0,,74.0,,,,20.0,35.0,,,,,94.0,,,,,,,41.0,,
U103,Radhakrushna,BCA-B,Sem 4,89.0,,18.0,,,,47.0,,,,,,,,,,,,81.0,,35.0,,,69.0,,77.0,,64.0,
U104,Madhavisha,BCA-B,Sem 1,76.0,89.0,,77.0,,,,,,,,,81.0,,,73.0,93.0,,,,,44.0,,,90.0,,,,
U104,Madhavisha,BCA-B,Sem 2,72.0,,,,53.0,,,,56.0,,32.0,52.0,,,,,,38.0,,,,,78.0,,,,,,87.0
U104,Madhavisha,BCA-B,Sem 3,94.0,,,,,68.0,,57.0,,84.0,,,,11.0,38.0,,,,,93.0,,,,,,,79.0,,
U104,Madhavisha,BCA-B,Sem 4,86.0,,38.0,,,,83.0,,,,,,,,,,,,42.0,,77.0,,,41.0,,39.0,,54.0,
U105,Navenprabu,BCA-B,Sem 1,81.0,72.0,,77.0,,,,,,,,,40.0,,,93.0,44.0,,,,,54.0,,,57.0,,,,
U105,Navenprabu,BCA-B,Sem 2,64.0,,,,62.0,,,,44.0,,36.0,36.0,,,,,,59.0,,,,,35.0,,,,,,73.0
U105,Navenprabu,BCA-B,Sem 3,92.0,,,,,48.0,,41.0,,75.0,,,,37.0,52.0,,,,,85.0,,,,,,,41.0,,
U105,Navenprabu,BCA-B,Sem 4,74.0,,39.0,,,,90.0,,,,,,,,,,,,89.0,,46.0,,,41.0,,90.0,,56.0,
U106,Abhainn,BCA-B,Sem 1,85.0,73.0,,80.0,,,,,,,,,43.0,,,40.0,95.0,,,,,70.0,,,54.0,,,,
U106,Abhainn,BCA-B,Sem 2,67.0,,,,45.0,,,,72.0,,3.0,68.0,,,,,,42.0,,,,,40.0,,,,,,63.0
U106,Abhainn,BCA-B,Sem 3,91.0,,,,,53.0,,61.0,,80.0,,,,6.0,68.0,,,,,91.0,,,,,,,64.0,,
U106,Abhainn,BCA-B,Sem 4,94.0,,38.0,,,,45.0,,,,,,,,,,,,89.0,,37.0,,,75.0,,84.0,,78.0,
U107,Aditya,BCA-B,Sem 1,84.0,85.0,,56.0,,,,,,,,,76.0,,,43.0,87.0,,,,,79.0,,,77.0,,,,
U107,Aditya,BCA-B,Sem 2,89.0,,,,40.0,,,,50.0,,7.0,85.0,,,,,,74.0,,,,,86.0,,,,,,90.0
U107,Aditya,BCA-B,Sem 3,77.0,,,,,48.0,,94.0,,81.0,,,,26.0,39.0,,,,,60.0,,,,,,,37.0,,
U107,Aditya,BCA-B,Sem 4,81.0,,23.0,,,,41.0,,,,,,,,,,,,84.0,,95.0,,,44.0,,64.0,,38.0,
U108,Yasminjam,BCA-B,Sem 1,93.0,76.0,,77.0,,,,,,,,,40.0,,,67.0,62.0,,,,,36.0,,,58.0,,,,
U108,Yasminjam,BCA-B,Sem 2,61.0,,,,70.0,,,,45.0,,41.0,53.0,,,,,,65.0,,,,,38.0,,,,,,37.0
U108,Yasminjam,BCA-B,Sem 3,63.0,,,,,82.0,,55.0,,48.0,,,,2.0,78.0,,,,,57.0,,,,,,,40.0,,
U108,Yasminjam,BCA-B,Sem 4,64.0,,39.0,,,,87.0,,,,,,,,,,,,72.0,,72.0,,,76.0,,87.0,,79.0,
U109,Chhabildas,BCA-B,Sem 1,83.0,72.0,,68.0,,,,,,,,,95.0,,,43.0,49.0,,,,,79.0,,,44.0,,,,
U109,Chhabildas,BCA-B,Sem 2,71.0,,,,68.0,,,,55.0,,26.0,40.0,,,,,,70.0,,,,,48.0,,,,,,54.0
U109,Chhabildas,BCA-B,Sem 3,79.0,,,,,78.0,,68.0,,90.0,,,,2.0,81.0,,,,,76.0,,,,,,,64.0,,
U109,Chhabildas,BCA-B,Sem 4,90.0,,13.0,,,,25.0,,,,,,,,,,,,11.0,,25.0,,,28.0,,25.0,,18.0,
U110,Zainal,BCA-B,Sem 1,78.0,85.0,,41.0,,,,,,,,,89.0,,,84.0,67.0,,,,,88.0,,,69.0,,,,
U110,Zainal,BCA-B,Sem 2,75.0,,,,89.0,,,,52.0,,34.0,88.0,,,,,,70.0,,,,,91.0,,,,,,89.0
U110,Zainal,BCA-B,Sem 3,61.0,,,,,37.0,,74.0,,45.0,,,,20.0,94.0,,,,,79.0,,,,,,,51.0,,
U110,Zainal,BCA-B,Sem 4,60.0,,47.0,,,,75.0,,,,,,,,,,,,71.0,,79.0,,,45.0,,62.0,,68.0,
U111,Parague,BCA-B,Sem 1,93.0,77.0,,56.0,,,,,,,,,37.0,,,84.0,91.0,,,,,43.0,,,74.0,,,,
U111,Parague,BCA-B,Sem 2,70.0,,,,86.0,,,,69.0,,24.0,59.0,,,,,,77.0,,,,,50.0,,,,,,75.0
U111,Parague,BCA-B,Sem 3,63.0,,,,,56.0,,53.0,,51.0,,,,47.0,52.0,,,,,67.0,,,,,,,38.0,,
U111,Parague,BCA-B,Sem 4,91.0,,16.0,,,,36.0,,,,,,,,,,,,46.0,,73.0,,,67.0,,92.0,,39.0,
U112,Isavara,BCA-B,Sem 1,84.0,45.0,,46.0,,,,,,,,,44.0,,,79.0,88.0,,,,,74.0,,,84.0,,,,
U112,Isavara,BCA-B,Sem 2,66.0,,,,57.0,,,,64.0,,25.0,49.0,,,,,,52.0,,,,,72.0,,,,,,88.0
U112,Isavara,BCA-B,Sem 3,71.0,,,,,90.0,,87.0,,79.0,,,,36.0,87.0,,,,,81.0,,,,,,,72.0,,
U112,Isavara,BCA-B,Sem 4,93.0,,0.0,,,,46.0,,,,,,,,,,,,70.0,,43.0,,,44.0,,44.0,,56.0,
U113,Galbena,BCA-B,Sem 1,70.0,63.0,,37.0,,,,,,,,,81.0,,,58.0,61.0,,,,,81.0,,,78.0,,,,
U113,Galbena,BCA-B,Sem 2,77.0,,,,72.0,,,,79.0,,19.0,72.0,,,,,,87.0,,,,,79.0,,,,,,68.0
U113,Galbena,BCA-B,Sem 3,85.0,,,,,89.0,,63.0,,71.0,,,,26.0,35.0,,,,,79.0,,,,,,,78.0,,
U113,Galbena,BCA-B,Sem 4,70.0,,4.0,,,,53.0,,,,,,,,,,,,88.0,,86.0,,,79.0,,47.0,,77.0,
U114,Parag,BCA-B,Sem 1,75.0,74.0,,53.0,,,,,,,,,63.0,,,82.0,83.0,,,,,63.0,,,85.0,,,,
U114,Parag,BCA-B,Sem 2,82.0,,,,37.0,,,,72.0,,35.0,37.0,,,,,,64.0,,,,,88.0,,,,,,90.0
U114,Parag,BCA-B,Sem 3,70.0,,,,,55.0,,36.0,,46.0,,,,50.0,91.0,,,,,53.0,,,,,,,39.0,,
U114,Parag,BCA-B,Sem 4,90.0,,36.0,,,,92.0,,,,,,,,,,,,81.0,,83.0,,,86.0,,73.0,,41.0,
U115,Abha,BCA-B,Sem 1,74.0,50.0,,54.0,,,,,,,,,69.0,,,85.0,86.0,,,,,92.0,,,65.0,,,,
U115,Abha,BCA-B,Sem 2,94.0,,,,58.0,,,,56.0,,21.0,89.0,,,,,,37.0,,,,,69.0,,,,,,63.0
U115,Abha,BCA-B,Sem 3,89.0,,,,,89.0,,60.0,,70.0,,,,7.0,53.0,,,,,37.0,,,,,,,64.0,,
U115,Abha,BCA-B,Sem 4,74.0,,42.0,,,,46.0,,,,,,,,,,,,86.0,,46.0,,,49.0,,90.0,,88.0,
U116,Chandanipriya,BCA-B,Sem 1,72.0,78.0,,95.0,,,,,,,,,58.0,,,63.0,71.0,,,,,84.0,,,64.0,,,,
U116,Chandanipriya,BCA-B,Sem 2,72.0,,,,62.0,,,,68.0,,48.0,71.0,,,,,,45.0,,,,,53.0,,,,,,86.0
U116,Chandanipriya,BCA-B,Sem 4,86.0,,30.0,,,,45.0,,,,,,,,,,,,56.0,,67.0,,,45.0,,57.0,,59.0,
U117,Indirai,BCA-B,Sem 1,78.0,59.0,,67.0,,,,,,,,,84.0,,,61.0,68.0,,,,,87.0,,,45.0,,,,
U117,Indirai,BCA-B,Sem 2,94.0,,,,55.0,,,,78.0,,1.0,72.0,,,,,,57.0,,,,,53.0,,,,,,37.0
U117,Indirai,BCA-B,Sem 3,67.0,,,,,78.0,,67.0,,67.0,,,,37.0,86.0,,,,,77.0,,,,,,,87.0,,
U117,Indirai,BCA-B,Sem 4,77.0,,10.0,,,,40.0,,,,,,,,,,,,44.0,,61.0,,,79.0,,95.0,,48.0,
U118,Eeshna,BCA-B,Sem 1,72.0,73.0,,43.0,,,,,,,,,86.0,,,51.0,90.0,,,,,76.0,,,38.0,,,,
U118,Eeshna,BCA-B,Sem 2,72.0,,,,43.0,,,,71.0,,27.0,88.0,,,,,,36.0,,,,,93.0,,,,,,72.0
U118,Eeshna,BCA-B,Sem 3,74.0,,,,,39.0,,50.0,,92.0,,,,29.0,57.0,,,,,67.0,,,,,,,75.0,,
U118,Eeshna,BCA-B,Sem 4,64.0,,34.0,,,,89.0,,,,,,,,,,,,82.0,,89.0,,,36.0,,39.0,,47.0,
U119,Chandrashekhar,BCA-B,Sem 1,90.0,58.0,,70.0,,,,,,,,,90.0,,,41.0,94.0,,,,,89.0,,,80.0,,,,
U119,Chandrashekhar,BCA-B,Sem 2,81.0,,,,87.0,,,,35.0,,13.0,40.0,,,,,,77.0,,,,,59.0,,,,,,66.0
U119,Chandrashekhar,BCA-B,Sem 3,91.0,,,,,78.0,,72.0,,47.0,,,,29.0,47.0,,,,,76.0,,,,,,,68.0,,
U119,Chandrashekhar,BCA-B,Sem 4,63.0,,32.0,,,,56.0,,,,,,,,,,,,73.0,,95.0,,,48.0,,38.0,,65.0,
U120,Tarakamedh,BCA-B,Sem 1,93.0,42.0,,53.0,,,,,,,,,89.0,,,83.0,40.0,,,,,52.0,,,45.0,,,,
U120,Tarakamedh,BCA-B,Sem 2,60.0,,,,42.0,,,,36.0,,44.0,84.0,,,,,,73.0,,,,,38.0,,,,,,88.0
U120,Tarakamedh,BCA-B,Sem 3,65.0,,,,,74.0,,55.0,,91.0,,,,3.0,90.0,,,,,69.0,,,,,,,53.0,,
U120,Tarakamedh,BCA-B,Sem 4,65.0,,38.0,,,,67.0,,,,,,,,,,,,50.0,,58.0,,,94.0,,58.0,,47.0,
U121,Isador,BCA-B,Sem 1,88.0,67.0,,44.0,,,,,,,,,92.0,,,62.0,88.0,,,,,95.0,,,40.0,,,,
U121,Isador,BCA-B,Sem 2,95.0,,,,45.0,,,,35.0,,12.0,61.0,,,,,,63.0,,,,,65.0,,,,,,91.0
U121,Isador,BCA-B,Sem 3,60.0,,,,,55.0,,91.0,,82.0,,,,36.0,93.0,,,,,92.0,,,,,,,52.0,,
U121,Isador,BCA-B,Sem 4,61.0,,38.0,,,,54.0,,,,,,,,,,,,86.0,,71.0,,,68.0,,39.0,,87.0,
U122,Anuj,BCA-B,Sem 1,74.0,63.0,,91.0,,,,,,,,,87.0,,,94.0,57.0,,,,,61.0,,,36.0,,,,
U122,Anuj,BCA-B,Sem 2,61.0,,,,72.0,,,,39.0,,48.0,55.0,,,,,,88.0,,,,,51.0,,,,,,52.0
U122,Anuj,BCA-B,Sem 3,93.0,,,,,65.0,,75.0,,95.0,,,,30.0,48.0,,,,,36.0,,,,,,,37.0,,
U122,Anuj,BCA-B,Sem 4,66.0,,46.0,,,,60.0,,,,,,,,,,,,49.0,,66.0,,,78.0,,70.0,,63.0,
U123,Aaryaya,BCA-B,Sem 1,63.0,67.0,,58.0,,,,,,,,,60.0,,,59.0,50.0,,,,,58.0,,,40.0,,,,
U123,Aaryaya,BCA-B,Sem 2,65.0,,,,48.0,,,,63.0,,3.0,68.0,,,,,,37.0,,,,,52.0,,,,,,78.0
U123,Aaryaya,BCA-B,Sem 3,79.0,,,,,84.0,,49.0,,83.0,,,,18.0,81.0,,,,,62.0,,,,,,,58.0,,
U123,Aaryaya,BCA-B,Sem 4,85.0,,34.0,,,,38.0,,,,,,,,,,,,72.0,,83.0,,,39.0,,52.0,,91.0,
U124,Mahether,BCA-B,Sem 1,74.0,55.0,,94.0,,,,,,,,,36.0,,,88.0,41.0,,,,,76.0,,,80.0,,,,
U124,Mahether,BCA-B,Sem 2,78.0,,,,40.0,,,,40.0,,19.0,88.0,,,,,,53.0,,,,,62.0,,,,,,77.0
U124,Mahether,BCA-B,Sem 3,70.0,,,,,73.0,,42.0,,42.0,,,,5.0,74.0,,,,,73.0,,,,,,,60.0,,
U124,Mahether,BCA-B,Sem 4,77.0,,8.0,,,,80.0,,,,,,,,,,,,87.0,,43.0,,,49.0,,52.0,,42.0,
U125,Waleeud,BCA-B,Sem 1,75.0,14.0,,11.0,,,,,,,,,14.0,,,25.0,19.0,,,,,25.0,,,14.0,,,,
U125,Waleeud,BCA-B,Sem 2,80.0,,,,62.0,,,,44.0,,28.0,66.0,,,,,,84.0,,,,,78.0,,,,,,57.0
U125,Waleeud,BCA-B,Sem 3,73.0,,,,,80.0,,95.0,,68.0,,,,11.0,60.0,,,,,44.0,,,,,,,93.0,,
U125,Waleeud,BCA-B,Sem 4,91.0,,24.0,,,,65.0,,,,,,,,,,,,86.0,,68.0,,,63.0,,93.0,,84.0,
U126,Darcy,BCA-B,Sem 2,76.0,,,,64.0,,,,89.0,,36.0,73.0,,,,,,40.0,,,,,75.0,,,,,,56.0
U126,Darcy,BCA-B,Sem 3,62.0,,,,,57.0,,78.0,,73.0,,,,20.0,46.0,,,,,68.0,,,,,,,66.0,,
U126,Darcy,BCA-B,Sem 4,85.0,,29.0,,,,62.0,,,,,,,,,,,,46.0,,87.0,,,50.0,,56.0,,74.0,
U127,Galbano,BCA-B,Sem 1,95.0,81.0,,73.0,,,,,,,,,95.0,,,62.0,68.0,,,,,84.0,,,42.0,,,,
U127,Galbano,BCA-B,Sem 2,77.0,,,,56.0,,,,81.0,,19.0,92.0,,,,,,81.0,,,,,52.0,,,,,,43.0
U127,Galbano,BCA-B,Sem 3,67.0,,,,,79.0,,42.0,,87.0,,,,1.0,38.0,,,,,87.0,,,,,,,65.0,,
U127,Galbano,BCA-B,Sem 4,73.0,,42.0,,,,75.0,,,,,,,,,,,,77.0,,75.0,,,51.0,,94.0,,51.0,
U128,Vaibhavajit,BCA-B,Sem 1,78.0,54.0,,42.0,,,,,,,,,50.0,,,50.0,38.0,,,,,75.0,,,61.0,,,,
U128,Vaibhavajit,BCA-B,Sem 2,62.0,,,,50.0,,,,90.0,,34.0,78.0,,,,,,50.0,,,,,70.0,,,,,,62.0
U128,Vaibhavajit,BCA-B,Sem 3,65.0,,,,,93.0,,44.0,,47.0,,,,15.0,39.0,,,,,47.0,,,,,,,71.0,,
U128,Vaibhavajit,BCA-B,Sem 4,63.0,,20.0,,,,77.0,,,,,,,,,,,,92.0,,40.0,,,88.0,,88.0,,75.0,
U129,Omeras,BCA-B,Sem 1,89.0,42.0,,88.0,,,,,,,,,39.0,,,66.0,92.0,,,,,69.0,,,73.0,,,,
U129,Omeras,BCA-B,Sem 2,69.0,,,,45.0,,,,59.0,,32.0,66.0,,,,,,91.0,,,,,88.0,,,,,,83.0
U129,Omeras,BCA-B,Sem 3,70.0,,,,,55.0,,92.0,,92.0,,,,14.0,63.0,,,,,43.0,,,,,,,73.0,,
U129,Omeras,BCA-B,Sem 4,75.0,,3.0,,,,16.0,,,,,,,,,,,,27.0,,10.0,,,30.0,,22.0,,20.0,
U130,Zainara,BCA-B,Sem 1,61.0,67.0,,71.0,,,,,,,,,75.0,,,80.0,50.0,,,,,53.0,,,44.0,,,,
U130,Zainara,BCA-B,Sem 2,80.0,,,,85.0,,,,38.0,,19.0,41.0,,,,,,61.0,,,,,42.0,,,,,,41.0
U130,Zainara,BCA-B,Sem 3,77.0,,,,,40.0,,72.0,,47.0,,,,47.0,75.0,,,,,41.0,,,,,,,54.0,,
U130,Zainara,BCA-B,Sem 4,90.0,,37.0,,,,64.0,,,,,,,,,,,,77.0,,63.0,,,79.0,,73.0,,74.0,
U131,Olita,BCA-B,Sem 1,87.0,74.0,,57.0,,,,,,,,,35.0,,,71.0,50.0,,,,,46.0,,,61.0,,,,
U131,Olita,BCA-B,Sem 2,91.0,,,,46.0,,,,42.0,,28.0,82.0,,,,,,51.0,,,,,82.0,,,,,,86.0
U131,Olita,BCA-B,Sem 3,65.0,,,,,70.0,,56.0,,36.0,,,,42.0,64.0,,,,,89.0,,,,,,,54.0,,
U131,Olita,BCA-B,Sem 4,82.0,,23.0,,,,72.0,,,,,,,,,,,,68.0,,44.0,,,78.0,,87.0,,72.0,
U132,Aaryan,BCA-B,Sem 1,65.0,58.0,,39.0,,,,,,,,,68.0,,,69.0,68.0,,,,,85.0,,,67.0,,,,
U132,Aaryan,BCA-B,Sem 2,86.0,,,,51.0,,,,58.0,,23.0,36.0,,,,,,81.0,,,,,77.0,,,,,,36.0
U132,Aaryan,BCA-B,Sem 3,92.0,,,,,95.0,,70.0,,36.0,,,,30.0,92.0,,,,,56.0,,,,,,,93.0,,
U133,Chanchalata,BCA-B,Sem 1,92.0,58.0,,87.0,,,,,,,,,72.0,,,57.0,79.0,,,,,87.0,,,79.0,,,,
U133,Chanchalata,BCA-B,Sem 2,88.0,,,,79.0,,,,57.0,,15.0,95.0,,,,,,43.0,,,,,86.0,,,,,,61.0
U133,Chanchalata,BCA-B,Sem 3,68.0,,,,,72.0,,68.0,,77.0,,,,22.0,90.0,,,,,68.0,,,,,,,69.0,,
U133,Chanchalata,BCA-B,Sem 4,73.0,,36.0,,,,58.0,,,,,,,,,,,,79.0,,49.0,,,55.0,,87.0,,51.0,
U134,Deepana,BCA-B,Sem 1,75.0,77.0,,75.0,,,,,,,,,81.0,,,84.0,41.0,,,,,82.0,,,72.0,,,,
U134,Deepana,BCA-B,Sem 2,73.0,,,,85.0,,,,59.0,,33.0,74.0,,,,,,73.0,,,,,70.0,,,,,,63.0
U134,Deepana,BCA-B,Sem 3,81.0,,,,,72.0,,82.0,,37.0,,,,30.0,63.0,,,,,55.0,,,,,,,73.0,,
U134,Deepana,BCA-B,Sem 4,78.0,,36.0,,,,52.0,,,,,,,,,,,,66.0,,36.0,,,93.0,,66.0,,65.0,
U135,Hagop,BCA-B,Sem 1,81.0,37.0,,57.0,,,,,,,,,43.0,,,56.0,69.0,,,,,76.0,,,87.0,,,,
U135,Hagop,BCA-B,Sem 2,93.0,,,,66.0,,,,74.0,,20.0,65.0,,,,,,61.0,,,,,51.0,,,,,,68.0
U135,Hagop,BCA-B,Sem 3,60.0,,,,,51.0,,48.0,,70.0,,,,20.0,65.0,,,,,85.0,,,,,,,55.0,,
U135,Hagop,BCA-B,Sem 4,72.0,,48.0,,,,66.0,,,,,,,,,,,,38.0,,54.0,,,84.0,,37.0,,75.0,
U136,Kaima,BCA-B,Sem 1,71.0,84.0,,78.0,,,,,,,,,88.0,,,79.0,64.0,,,,,75.0,,,65.0,,,,
U136,Kaima,BCA-B,Sem 2,64.0,,,,92.0,,,,79.0,,7.0,87.0,,,,,,35.0,,,,,87.0,,,,,,36.0
U136,Kaima,BCA-B,Sem 3,93.0,,,,,51.0,,63.0,,71.0,,,,26.0,83.0,,,,,74.0,,,,,,,72.0,,
U136,Kaima,BCA-B,Sem 4,61.0,,31.0,,,,57.0,,,,,,,,,,,,50.0,,36.0,,,84.0,,49.0,,69.0,
U137,Abhairah,BCA-B,Sem 1,71.0,43.0,,39.0,,,,,,,,,86.0,,,84.0,80.0,,,,,64.0,,,95.0,,,,
U137,Abhairah,BCA-B,Sem 2,74.0,,,,69.0,,,,41.0,,31.0,52.0,,,,,,63.0,,,,,91.0,,,,,,41.0
U137,Abhairah,BCA-B,Sem 3,92.0,,,,,89.0,,47.0,,48.0,,,,6.0,88.0,,,,,57.0,,,,,,,73.0,,
U137,Abhairah,BCA-B,Sem 4,69.0,,19.0,,,,67.0,,,,,,,,,,,,52.0,,89.0,,,57.0,,52.0,,46.0,
U138,Madhavini,BCA-B,Sem 1,80.0,16.0,,11.0,,,,,,,,,19.0,,,11.0,16.0,,,,,19.0,,,20.0,,,,
U138,Madhavini,BCA-B,Sem 2,76.0,,,,42.0,,,,50.0,,29.0,48.0,,,,,,78.0,,,,,82.0,,,,,,82.0
U138,Madhavini,BCA-B,Sem 3,94.0,,,,,75.0,,66.0,,84.0,,,,33.0,79.0,,,,,73.0,,,,,,,63.0,,
U138,Madhavini,BCA-B,Sem 4,93.0,,30.0,,,,95.0,,,,,,,,,,,,46.0,,90.0,,,65.0,,40.0,,79.0,
U139,Haji,BCA-B,Sem 1,75.5,27.0,,25.0,,,,,,,,,22.0,,,11.0,18.0,,,,,16.0,,,30.0,,,,
U139,Haji,BCA-B,Sem 2,83.0,,,,66.0,,,,82.0,,30.0,82.0,,,,,,55.0,,,,,64.0,,,,,,95.0
U139,Haji,BCA-B,Sem 3,80.0,,,,,28.0,,24.0,,13.0,,,,8.0,16.0,,,,,16.0,,,,,,,29.0,,
U139,Haji,BCA-B,Sem 4,84.0,,30.0,,,,54.0,,,,,,,,,,,,77.0,,90.0,,,39.0,,65.0,,95.0,
U140,Walegius,BCA-B,Sem 1,78.0,90.0,,84.0,,,,,,,,,57.0,,,90.0,38.0,,,,,56.0,,,76.0,,,,
U140,Walegius,BCA-B,Sem 2,80.0,,,,25.0,,,,30.0,,9.0,23.0,,,,,,28.0,,,,,29.0,,,,,,12.0
U140,Walegius,BCA-B,Sem 3,93.0,,,,,53.0,,90.0,,82.0,,,,3.0,84.0,,,,,60.0,,,,,,,76.0,,
U141,Elaichi,BCA-B,Sem 1,77.0,86.0,,58.0,,,,,,,,,42.0,,,91.0,62.0,,,,,82.0,,,60.0,,,,
U141,Elaichi,BCA-B,Sem 2,82.0,,,,94.0,,,,40.0,,0.0,69.0,,,,,,79.0,,,,,44.0,,,,,,79.0
U141,Elaichi,BCA-B,Sem 3,93.0,,,,,39.0,,52.0,,69.0,,,,11.0,78.0,,,,,37.0,,,,,,,92.0,,
U141,Elaichi,BCA-B,Sem 4,92.0,,37.0,,,,35.0,,,,,,,,,,,,59.0,,36.0,,,88.0,,69.0,,46.0,
U142,Aariana,BCA-B,Sem 1,88.0,65.0,,87.0,,,,,,,,,58.0,,,72.0,79.0,,,,,62.0,,,40.0,,,,
U142,Aariana,BCA-B,Sem 2,89.0,,,,77.0,,,,81.0,,38.0,38.0,,,,,,91.0,,,,,59.0,,,,,,92.0
U142,Aariana,BCA-B,Sem 3,63.0,,,,,62.0,,65.0,,62.0,,,,6.0,51.0,,,,,53.0,,,,,,,85.0,,
U142,Aariana,BCA-B,Sem 4,81.0,,12.0,,,,77.0,,,,,,,,,,,,68.0,,40.0,,,90.0,,79.0,,69.0,
U143,Gaurayya,BCA-B,Sem 1,75.5,27.0,,19.0,,,,,,,,,15.0,,,13.0,20.0,,,,,20.0,,,12.0,,,,
U143,Gaurayya,BCA-B,Sem 2,65.0,,,,40.0,,,,51.0,,9.0,91.0,,,,,,79.0,,,,,92.0,,,,,,66.0
U143,Gaurayya,BCA-B,Sem 3,70.0,,,,,89.0,,72.0,,54.0,,,,22.0,85.0,,,,,86.0,,,,,,,75.0,,
U143,Gaurayya,BCA-B,Sem 4,87.0,,15.0,,,,49.0,,,,,,,,,,,,86.0,,67.0,,,84.0,,44.0,,90.0,
U144,Aaryakshi,BCA-B,Sem 1,78.0,79.0,,63.0,,,,,,,,,45.0,,,72.0,87.0,,,,,87.0,,,37.0,,,,
U144,Aaryakshi,BCA-B,Sem 2,77.0,,,,54.0,,,,89.0,,14.0,83.0,,,,,,53.0,,,,,58.0,,,,,,43.0
U144,Aaryakshi,BCA-B,Sem 3,77.0,,,,,64.0,,62.0,,53.0,,,,8.0,46.0,,,,,39.0,,,,,,,75.0,,
U144,Aaryakshi,BCA-B,Sem 4,72.0,,37.0,,,,48.0,,,,,,,,,,,,72.0,,44.0,,,57.0,,43.0,,60.0,
U145,Aashura,BCA-B,Sem 1,87.0,75.0,,85.0,,,,,,,,,52.0,,,38.0,95.0,,,,,77.0,,,39.0,,,,
U145,Aashura,BCA-B,Sem 2,77.0,,,,78.0,,,,75.0,,33.0,80.0,,,,,,59.0,,,,,84.0,,,,,,56.0
U145,Aashura,BCA-B,Sem 3,75.0,,,,,11.0,,15.0,,28.0,,,,11.0,17.0,,,,,28.0,,,,,,,27.0,,
U145,Aashura,BCA-B,Sem 4,80.0,,38.0,,,,90.0,,,,,,,,,,,,49.0,,53.0,,,82.0,,69.0,,55.0,
U146,Darshmeet,BCA-B,Sem 1,85.0,67.0,,86.0,,,,,,,,,58.0,,,78.0,82.0,,,,,95.0,,,45.0,,,,
U146,Darshmeet,BCA-B,Sem 2,72.0,,,,78.0,,,,47.0,,11.0,76.0,,,,,,70.0,,,,,94.0,,,,,,44.0
U146,Darshmeet,BCA-B,Sem 3,83.0,,,,,87.0,,75.0,,41.0,,,,9.0,44.0,,,,,72.0,,,,,,,59.0,,
U147,Jagdishwar,BCA-B,Sem 1,61.0,89.0,,73.0,,,,,,,,,44.0,,,85.0,78.0,,,,,37.0,,,63.0,,,,
U147,Jagdishwar,BCA-B,Sem 3,65.0,,,,,52.0,,63.0,,43.0,,,,23.0,56.0,,,,,37.0,,,,,,,35.0,,
U147,Jagdishwar,BCA-B,Sem 4,67.0,,9.0,,,,61.0,,,,,,,,,,,,73.0,,85.0,,,35.0,,75.0,,67.0,
U148,Chakrapani,BCA-B,Sem 1,68.0,50.0,,84.0,,,,,,,,,39.0,,,58.0,76.0,,,,,59.0,,,58.0,,,,
U148,Chakrapani,BCA-B,Sem 2,61.0,,,,93.0,,,,55.0,,12.0,95.0,,,,,,64.0,,,,,86.0,,,,,,41.0
U148,Chakrapani,BCA-B,Sem 3,81.0,,,,,89.0,,58.0,,35.0,,,,28.0,80.0,,,,,59.0,,,,,,,68.0,,
U148,Chakrapani,BCA-B,Sem 4,62.0,,2.0,,,,45.0,,,,,,,,,,,,46.0,,42.0,,,78.0,,62.0,,52.0,
U149,Lalava,BCA-B,Sem 1,62.0,44.0,,78.0,,,,,,,,,73.0,,,95.0,63.0,,,,,58.0,,,58.0,,,,
U149,Lalava,BCA-B,Sem 2,65.0,,,,80.0,,,,93.0,,12.0,79.0,,,,,,50.0,,,,,62.0,,,,,,40.0
U149,Lalava,BCA-B,Sem 4,85.0,,48.0,,,,51.0,,,,,,,,,,,,69.0,,84.0,,,73.0,,47.0,,38.0,
U150,Aarini,BCA-B,Sem 1,88.0,39.0,,71.0,,,,,,,,,83.0,,,68.0,43.0,,,,,60.0,,,58.0,,,,
U150,Aarini,BCA-B,Sem 2,90.0,,,,54.0,,,,74.0,,9.0,57.0,,,,,,89.0,,,,,84.0,,,,,,74.0
U150,Aarini,BCA-B,Sem 3,82.0,,,,,56.0,,91.0,,93.0,,,,47.0,40.0,,,,,88.0,,,,,,,47.0,,
U150,Aarini,BCA-B,Sem 4,73.0,,22.0,,,,87.0,,,,,,,,,,,,92.0,,95.0,,,91.0,,37.0,,68.0,
U151,Kailarvi,BCA-C,Sem 1,80.0,52.0,,50.0,,,,,,,,,76.0,,,36.0,42.0,,,,,46.0,,,82.0,,,,
U151,Kailarvi,BCA-C,Sem 2,90.0,,,,70.0,,,,78.0,,10.0,79.0,,,,,,64.0,,,,,74.0,,,,,,94.0
U151,Kailarvi,BCA-C,Sem 3,78.0,,,,,55.0,,69.0,,51.0,,,,47.0,37.0,,,,,51.0,,,,,,,35.0,,
U151,Kailarvi,BCA-C,Sem 4,88.0,,1.0,,,,79.0,,,,,,,,,,,,48.0,,44.0,,,92.0,,50.0,,86.0,
U152,Aashree,BCA-C,Sem 1,91.0,59.0,,93.0,,,,,,,,,68.0,,,42.0,70.0,,,,,84.0,,,51.0,,,,
U152,Aashree,BCA-C,Sem 2,80.0,,,,88.0,,,,72.0,,34.0,79.0,,,,,,64.0,,,,,65.0,,,,,,79.0
U152,Aashree,BCA-C,Sem 3,92.0,,,,,88.0,,87.0,,65.0,,,,49.0,48.0,,,,,38.0,,,,,,,41.0,,
U152,Aashree,BCA-C,Sem 4,83.0,,6.0,,,,59.0,,,,,,,,,,,,41.0,,56.0,,,52.0,,84.0,,74.0,
U153,Haridev,BCA-C,Sem 1,76.0,63.0,,48.0,,,,,,,,,80.0,,,53.0,74.0,,,,,93.0,,,79.0,,,,
U153,Haridev,BCA-C,Sem 2,92.0,,,,61.0,,,,69.0,,50.0,55.0,,,,,,61.0,,,,,86.0,,,,,,64.0
U153,Haridev,BCA-C,Sem 3,66.0,,,,,53.0,,36.0,,50.0,,,,35.0,57.0,,,,,44.0,,,,,,,60.0,,
U153,Haridev,BCA-C,Sem 4,61.0,,13.0,,,,44.0,,,,,,,,,,,,48.0,,35.0,,,95.0,,37.0,,74.0,
U154,Maheshpal,BCA-C,Sem 1,91.0,42.0,,43.0,,,,,,,,,47.0,,,39.0,89.0,,,,,46.0,,,63.0,,,,
U154,Maheshpal,BCA-C,Sem 2,82.0,,,,62.0,,,,94.0,,46.0,35.0,,,,,,91.0,,,,,95.0,,,,,,57.0
U154,Maheshpal,BCA-C,Sem 3,81.0,,,,,50.0,,82.0,,61.0,,,,17.0,36.0,,,,,55.0,,,,,,,62.0,,
U154,Maheshpal,BCA-C,Sem 4,68.0,,3.0,,,,67.0,,,,,,,,,,,,39.0,,93.0,,,90.0,,92.0,,59.0,
U155,Fahrul,BCA-C,Sem 1,88.0,86.0,,78.0,,,,,,,,,40.0,,,55.0,89.0,,,,,57.0,,,77.0,,,,
U155,Fahrul,BCA-C,Sem 2,66.0,,,,87.0,,,,89.0,,44.0,37.0,,,,,,85.0,,,,,64.0,,,,,,63.0
U155,Fahrul,BCA-C,Sem 3,89.0,,,,,65.0,,45.0,,45.0,,,,49.0,79.0,,,,,46.0,,,,,,,66.0,,
U155,Fahrul,BCA-C,Sem 4,94.0,,21.0,,,,89.0,,,,,,,,,,,,41.0,,56.0,,,64.0,,76.0,,52.0,
U156,Indiram,BCA-C,Sem 1,64.0,69.0,,53.0,,,,,,,,,70.0,,,54.0,92.0,,,,,45.0,,,89.0,,,,
U156,Indiram,BCA-C,Sem 2,84.0,,,,38.0,,,,51.0,,0.0,87.0,,,,,,57.0,,,,,52.0,,,,,,83.0
U156,Indiram,BCA-C,Sem 3,75.0,,,,,15.0,,28.0,,23.0,,,,7.0,23.0,,,,,30.0,,,,,,,14.0,,
U157,Tarakam,BCA-C,Sem 1,71.0,58.0,,67.0,,,,,,,,,85.0,,,42.0,49.0,,,,,85.0,,,47.0,,,,
U157,Tarakam,BCA-C,Sem 2,86.0,,,,81.0,,,,81.0,,11.0,77.0,,,,,,58.0,,,,,83.0,,,,,,93.0
U157,Tarakam,BCA-C,Sem 3,76.0,,,,,62.0,,66.0,,77.0,,,,37.0,50.0,,,,,67.0,,,,,,,95.0,,
U157,Tarakam,BCA-C,Sem 4,82.0,,6.0,,,,68.0,,,,,,,,,,,,48.0,,50.0,,,61.0,,68.0,,82.0,
U158,Farjad,BCA-C,Sem 1,68.0,85.0,,66.0,,,,,,,,,50.0,,,58.0,36.0,,,,,71.0,,,70.0,,,,
U158,Farjad,BCA-C,Sem 2,71.0,,,,50.0,,,,82.0,,16.0,88.0,,,,,,53.0,,,,,71.0,,,,,,84.0
U158,Farjad,BCA-C,Sem 3,80.0,,,,,38.0,,76.0,,78.0,,,,19.0,63.0,,,,,74.0,,,,,,,49.0,,
U158,Farjad,BCA-C,Sem 4,89.0,,31.0,,,,90.0,,,,,,,,,,,,45.0,,53.0,,,81.0,,89.0,,48.0,
U159,Yashadharmah,BCA-C,Sem 1,83.0,86.0,,70.0,,,,,,,,,64.0,,,74.0,43.0,,,,,40.0,,,91.0,,,,
U159,Yashadharmah,BCA-C,Sem 2,88.0,,,,82.0,,,,82.0,,19.0,83.0,,,,,,75.0,,,,,45.0,,,,,,59.0
U159,Yashadharmah,BCA-C,Sem 3,80.0,,,,,55.0,,69.0,,50.0,,,,42.0,71.0,,,,,84.0,,,,,,,60.0,,
U159,Yashadharmah,BCA-C,Sem 4,65.0,,19.0,,,,38.0,,,,,,,,,,,,54.0,,38.0,,,69.0,,76.0,,47.0,
U160,Waleeid,BCA-C,Sem 1,64.0,60.0,,80.0,,,,,,,,,54.0,,,65.0,81.0,,,,,61.0,,,68.0,,,,
U160,Waleeid,BCA-C,Sem 2,84.0,,,,59.0,,,,59.0,,7.0,50.0,,,,,,84.0,,,,,38.0,,,,,,72.0
U160,Waleeid,BCA-C,Sem 3,60.0,,,,,42.0,,85.0,,77.0,,,,20.0,55.0,,,,,46.0,,,,,,,39.0,,
U161,Nehaari,BCA-C,Sem 1,86.0,71.0,,39.0,,,,,,,,,87.0,,,55.0,43.0,,,,,39.0,,,76.0,,,,
U161,Nehaari,BCA-C,Sem 2,71.0,,,,68.0,,,,48.0,,13.0,38.0,,,,,,66.0,,,,,86.0,,,,,,82.0
U161,Nehaari,BCA-C,Sem 3,73.0,,,,,67.0,,74.0,,58.0,,,,12.0,68.0,,,,,90.0,,,,,,,81.0,,
U161,Nehaari,BCA-C,Sem 4,83.0,,30.0,,,,84.0,,,,,,,,,,,,50.0,,67.0,,,68.0,,79.0,,83.0,
U162,Chitra,BCA-C,Sem 1,88.0,78.0,,68.0,,,,,,,,,64.0,,,43.0,57.0,,,,,88.0,,,91.0,,,,
U162,Chitra,BCA-C,Sem 2,65.0,,,,36.0,,,,88.0,,32.0,56.0,,,,,,88.0,,,,,56.0,,,,,,75.0
U162,Chitra,BCA-C,Sem 3,75.5,,,,,13.0,,10.0,,19.0,,,,20.0,25.0,,,,,24.0,,,,,,,19.0,,
U162,Chitra,BCA-C,Sem 4,81.0,,20.0,,,,94.0,,,,,,,,,,,,76.0,,37.0,,,41.0,,54.0,,45.0,
U163,Deepalit,BCA-C,Sem 1,95.0,72.0,,46.0,,,,,,,,,75.0,,,43.0,84.0,,,,,67.0,,,62.0,,,,
U163,Deepalit,BCA-C,Sem 2,77.0,,,,45.0,,,,71.0,,8.0,83.0,,,,,,48.0,,,,,94.0,,,,,,60.0
U163,Deepalit,BCA-C,Sem 3,68.0,,,,,95.0,,86.0,,63.0,,,,27.0,39.0,,,,,68.0,,,,,,,94.0,,
U163,Deepalit,BCA-C,Sem 4,93.0,,5.0,,,,63.0,,,,,,,,,,,,94.0,,87.0,,,90.0,,43.0,,38.0,
U164,Walegium,BCA-C,Sem 1,63.0,42.0,,68.0,,,,,,,,,88.0,,,54.0,44.0,,,,,45.0,,,45.0,,,,
U164,Walegium,BCA-C,Sem 2,91.0,,,,70.0,,,,59.0,,34.0,83.0,,,,,,52.0,,,,,56.0,,,,,,94.0
U164,Walegium,BCA-C,Sem 3,83.0,,,,,53.0,,83.0,,60.0,,,,48.0,89.0,,,,,73.0,,,,,,,58.0,,
U164,Walegium,BCA-C,Sem 4,72.0,,45.0,,,,65.0,,,,,,,,,,,,79.0,,68.0,,,79.0,,65.0,,72.0,
U165,Darwal,BCA-C,Sem 1,80.0,80.0,,49.0,,,,,,,,,94.0,,,95.0,57.0,,,,,68.0,,,95.0,,,,
U165,Darwal,BCA-C,Sem 2,89.0,,,,40.0,,,,90.0,,20.0,77.0,,,,,,76.0,,,,,68.0,,,,,,77.0
U165,Darwal,BCA-C,Sem 3,79.0,,,,,55.0,,35.0,,86.0,,,,46.0,70.0,,,,,54.0,,,,,,,60.0,,
U165,Darwal,BCA-C,Sem 4,75.0,,1.0,,,,27.0,,,,,,,,,,,,14.0,,12.0,,,11.0,,20.0,,10.0,
U166,Eliot,BCA-C,Sem 1,75.0,18.0,,16.0,,,,,,,,,12.0,,,27.0,30.0,,,,,14.0,,,18.0,,,,
U166,Eliot,BCA-C,Sem 2,92.0,,,,58.0,,,,86.0,,4.0,58.0,,,,,,40.0,,,,,44.0,,,,,,71.0
U166,Eliot,BCA-C,Sem 3,60.0,,,,,80.0,,89.0,,51.0,,,,21.0,91.0,,,,,42.0,,,,,,,57.0,,
U166,Eliot,BCA-C,Sem 4,69.0,,27.0,,,,89.0,,,,,,,,,,,,66.0,,89.0,,,92.0,,75.0,,68.0,
U167,Chaoshen,BCA-C,Sem 1,79.0,68.0,,68.0,,,,,,,,,65.0,,,65.0,77.0,,,,,65.0,,,81.0,,,,
U167,Chaoshen,BCA-C,Sem 2,65.0,,,,71.0,,,,81.0,,33.0,48.0,,,,,,51.0,,,,,86.0,,,,,,77.0
U167,Chaoshen,BCA-C,Sem 3,75.0,,,,,12.0,,29.0,,30.0,,,,17.0,27.0,,,,,26.0,,,,,,,30.0,,
U167,Chaoshen,BCA-C,Sem 4,81.0,,42.0,,,,45.0,,,,,,,,,,,,88.0,,58.0,,,74.0,,43.0,,54.0,
U168,Chaya,BCA-C,Sem 1,81.0,94.0,,71.0,,,,,,,,,88.0,,,87.0,37.0,,,,,36.0,,,90.0,,,,
U168,Chaya,BCA-C,Sem 2,83.0,,,,53.0,,,,59.0,,21.0,78.0,,,,,,42.0,,,,,72.0,,,,,,69.0
U168,Chaya,BCA-C,Sem 3,94.0,,,,,40.0,,55.0,,43.0,,,,20.0,91.0,,,,,81.0,,,,,,,63.0,,
U168,Chaya,BCA-C,Sem 4,70.0,,4.0,,,,85.0,,,,,,,,,,,,95.0,,35.0,,,94.0,,65.0,,67.0,
U169,Nehaa,BCA-C,Sem 1,65.0,95.0,,76.0,,,,,,,,,37.0,,,71.0,84.0,,,,,76.0,,,51.0,,,,
U169,Nehaa,BCA-C,Sem 2,73.0,,,,62.0,,,,47.0,,23.0,75.0,,,,,,37.0,,,,,55.0,,,,,,76.0
U169,Nehaa,BCA-C,Sem 3,82.0,,,,,64.0,,76.0,,86.0,,,,2.0,41.0,,,,,77.0,,,,,,,71.0,,
U169,Nehaa,BCA-C,Sem 4,68.0,,5.0,,,,75.0,,,,,,,,,,,,44.0,,46.0,,,38.0,,65.0,,65.0,
U170,Wamia,BCA-C,Sem 1,73.0,71.0,,61.0,,,,,,,,,84.0,,,75.0,74.0,,,,,66.0,,,36.0,,,,
U170,Wamia,BCA-C,Sem 2,94.0,,,,81.0,,,,54.0,,43.0,72.0,,,,,,46.0,,,,,74.0,,,,,,57.0
U170,Wamia,BCA-C,Sem 3,87.0,,,,,65.0,,78.0,,55.0,,,,7.0,94.0,,,,,64.0,,,,,,,61.0,,
U170,Wamia,BCA-C,Sem 4,75.0,,24.0,,,,86.0,,,,,,,,,,,,51.0,,52.0,,,41.0,,39.0,,48.0,
U171,Chanchalali,BCA-C,Sem 1,94.0,76.0,,54.0,,,,,,,,,53.0,,,50.0,65.0,,,,,86.0,,,86.0,,,,
U171,Chanchalali,BCA-C,Sem 2,78.0,,,,87.0,,,,53.0,,40.0,89.0,,,,,,89.0,,,,,37.0,,,,,,59.0
U171,Chanchalali,BCA-C,Sem 3,74.0,,,,,66.0,,57.0,,91.0,,,,10.0,57.0,,,,,54.0,,,,,,,88.0,,
U171,Chanchalali,BCA-C,Sem 4,77.0,,13.0,,,,89.0,,,,,,,,,,,,67.0,,43.0,,,49.0,,73.0,,59.0,
U172,Omerican,BCA-C,Sem 1,85.0,64.0,,39.0,,,,,,,,,54.0,,,38.0,79.0,,,,,63.0,,,45.0,,,,
U172,Omerican,BCA-C,Sem 2,84.0,,,,72.0,,,,47.0,,37.0,83.0,,,,,,47.0,,,,,82.0,,,,,,89.0
U172,Omerican,BCA-C,Sem 3,93.0,,,,,45.0,,79.0,,72.0,,,,48.0,51.0,,,,,54.0,,,,,,,94.0,,
U172,Omerican,BCA-C,Sem 4,76.0,,3.0,,,,63.0,,,,,,,,,,,,68.0,,67.0,,,59.0,,36.0,,58.0,
U173,Aashirya,BCA-C,Sem 1,86.0,87.0,,87.0,,,,,,,,,55.0,,,43.0,72.0,,,,,67.0,,,87.0,,,,
U173,Aashirya,BCA-C,Sem 2,95.0,,,,67.0,,,,71.0,,11.0,64.0,,,,,,81.0,,,,,83.0,,,,,,42.0
U173,Aashirya,BCA-C,Sem 3,61.0,,,,,68.0,,87.0,,65.0,,,,27.0,58.0,,,,,60.0,,,,,,,68.0,,
U173,Aashirya,BCA-C,Sem 4,92.0,,6.0,,,,60.0,,,,,,,,,,,,41.0,,37.0,,,69.0,,38.0,,94.0,
U174,Galbraith,BCA-C,Sem 1,95.0,55.0,,50.0,,,,,,,,,41.0,,,42.0,64.0,,,,,63.0,,,52.0,,,,
U174,Galbraith,BCA-C,Sem 2,68.0,,,,87.0,,,,77.0,,15.0,88.0,,,,,,79.0,,,,,38.0,,,,,,43.0
U174,Galbraith,BCA-C,Sem 3,75.0,,,,,28.0,,22.0,,11.0,,,,19.0,17.0,,,,,15.0,,,,,,,15.0,,
U175,Mahendu,BCA-C,Sem 2,63.0,,,,63.0,,,,77.0,,25.0,90.0,,,,,,41.0,,,,,52.0,,,,,,61.0
U175,Mahendu,BCA-C,Sem 3,95.0,,,,,68.0,,68.0,,65.0,,,,34.0,86.0,,,,,79.0,,,,,,,37.0,,
U175,Mahendu,BCA-C,Sem 4,69.0,,25.0,,,,62.0,,,,,,,,,,,,53.0,,83.0,,,86.0,,94.0,,58.0,
U176,Wamia,BCA-C,Sem 1,86.0,90.0,,92.0,,,,,,,,,50.0,,,87.0,45.0,,,,,94.0,,,55.0,,,,
U176,Wamia,BCA-C,Sem 2,61.0,,,,89.0,,,,49.0,,48.0,76.0,,,,,,86.0,,,,,72.0,,,,,,59.0
U176,Wamia,BCA-C,Sem 3,78.0,,,,,50.0,,76.0,,87.0,,,,3.0,84.0,,,,,83.0,,,,,,,65.0,,
U176,Wamia,BCA-C,Sem 4,90.0,,35.0,,,,46.0,,,,,,,,,,,,54.0,,41.0,,,73.0,,60.0,,67.0,
U177,Lalatharam,BCA-C,Sem 1,80.0,83.0,,45.0,,,,,,,,,47.0,,,67.0,66.0,,,,,66.0,,,64.0,,,,
U177,Lalatharam,BCA-C,Sem 2,80.0,,,,66.0,,,,86.0,,34.0,44.0,,,,,,57.0,,,,,85.0,,,,,,67.0
U177,Lalatharam,BCA-C,Sem 3,94.0,,,,,35.0,,44.0,,82.0,,,,31.0,79.0,,,,,58.0,,,,,,,72.0,,
U177,Lalatharam,BCA-C,Sem 4,91.0,,19.0,,,,58.0,,,,,,,,,,,,47.0,,83.0,,,66.0,,62.0,,53.0,
U178,Sakshila,BCA-C,Sem 2,71.0,,,,38.0,,,,94.0,,36.0,47.0,,,,,,74.0,,,,,66.0,,,,,,44.0
U178,Sakshila,BCA-C,Sem 3,90.0,,,,,92.0,,82.0,,51.0,,,,33.0,78.0,,,,,86.0,,,,,,,40.0,,
U178,Sakshila,BCA-C,Sem 4,75.0,,13.0,,,,72.0,,,,,,,,,,,,79.0,,62.0,,,43.0,,44.0,,55.0,
U179,Fahadhul,BCA-C,Sem 1,75.0,72.0,,57.0,,,,,,,,,48.0,,,38.0,38.0,,,,,66.0,,,53.0,,,,
U179,Fahadhul,BCA-C,Sem 2,66.0,,,,43.0,,,,56.0,,41.0,77.0,,,,,,62.0,,,,,68.0,,,,,,64.0
U179,Fahadhul,BCA-C,Sem 3,72.0,,,,,42.0,,47.0,,93.0,,,,15.0,42.0,,,,,50.0,,,,,,,36.0,,
U179,Fahadhul,BCA-C,Sem 4,62.0,,10.0,,,,52.0,,,,,,,,,,,,53.0,,85.0,,,46.0,,92.0,,81.0,
U180,Umashankara,BCA-C,Sem 1,90.0,69.0,,35.0,,,,,,,,,53.0,,,41.0,89.0,,,,,43.0,,,62.0,,,,
U180,Umashankara,BCA-C,Sem 2,77.0,,,,65.0,,,,68.0,,41.0,68.0,,,,,,72.0,,,,,68.0,,,,,,79.0
U180,Umashankara,BCA-C,Sem 3,92.0,,,,,82.0,,72.0,,88.0,,,,25.0,54.0,,,,,40.0,,,,,,,61.0,,
U180,Umashankara,BCA-C,Sem 4,67.0,,7.0,,,,53.0,,,,,,,,,,,,68.0,,70.0,,,65.0,,60.0,,91.0,
U181,Darryl,BCA-C,Sem 1,76.0,58.0,,83.0,,,,,,,,,81.0,,,58.0,60.0,,,,,60.0,,,37.0,,,,
U181,Darryl,BCA-C,Sem 2,62.0,,,,67.0,,,,93.0,,50.0,49.0,,,,,,36.0,,,,,41.0,,,,,,45.0
U181,Darryl,BCA-C,Sem 3,95.0,,,,,92.0,,85.0,,46.0,,,,13.0,76.0,,,,,89.0,,,,,,,61.0,,
U181,Darryl,BCA-C,Sem 4,61.0,,20.0,,,,42.0,,,,,,,,,,,,83.0,,36.0,,,69.0,,54.0,,57.0,
U182,Lalawab,BCA-C,Sem 1,63.0,65.0,,72.0,,,,,,,,,72.0,,,65.0,83.0,,,,,65.0,,,52.0,,,,
U182,Lalawab,BCA-C,Sem 2,71.0,,,,40.0,,,,65.0,,28.0,91.0,,,,,,49.0,,,,,82.0,,,,,,46.0
U182,Lalawab,BCA-C,Sem 3,63.0,,,,,73.0,,39.0,,41.0,,,,46.0,65.0,,,,,56.0,,,,,,,90.0,,
U182,Lalawab,BCA-C,Sem 4,89.0,,12.0,,,,79.0,,,,,,,,,,,,44.0,,53.0,,,58.0,,79.0,,67.0,
U183,Priyaala,BCA-C,Sem 1,67.0,41.0,,60.0,,,,,,,,,43.0,,,85.0,58.0,,,,,70.0,,,56.0,,,,
U183,Priyaala,BCA-C,Sem 2,84.0,,,,66.0,,,,75.0,,7.0,88.0,,,,,,82.0,,,,,58.0,,,,,,57.0
U183,Priyaala,BCA-C,Sem 3,92.0,,,,,92.0,,72.0,,81.0,,,,12.0,59.0,,,,,85.0,,,,,,,60.0,,
U183,Priyaala,BCA-C,Sem 4,88.0,,9.0,,,,61.0,,,,,,,,,,,,72.0,,78.0,,,87.0,,79.0,,65.0,
U184,Mahendra,BCA-C,Sem 1,83.0,44.0,,47.0,,,,,,,,,83.0,,,67.0,73.0,,,,,67.0,,,60.0,,,,
U184,Mahendra,BCA-C,Sem 2,95.0,,,,47.0,,,,89.0,,0.0,44.0,,,,,,62.0,,,,,54.0,,,,,,73.0
U184,Mahendra,BCA-C,Sem 3,75.0,,,,,17.0,,22.0,,26.0,,,,5.0,22.0,,,,,10.0,,,,,,,26.0,,
U184,Mahendra,BCA-C,Sem 4,89.0,,43.0,,,,87.0,,,,,,,,,,,,50.0,,39.0,,,91.0,,85.0,,80.0,
U185,Naveendra,BCA-C,Sem 1,62.0,37.0,,43.0,,,,,,,,,37.0,,,56.0,80.0,,,,,65.0,,,86.0,,,,
U185,Naveendra,BCA-C,Sem 2,93.0,,,,81.0,,,,69.0,,15.0,78.0,,,,,,63.0,,,,,79.0,,,,,,48.0
U185,Naveendra,BCA-C,Sem 3,89.0,,,,,95.0,,61.0,,53.0,,,,15.0,87.0,,,,,69.0,,,,,,,60.0,,
U185,Naveendra,BCA-C,Sem 4,81.0,,1.0,,,,75.0,,,,,,,,,,,,57.0,,57.0,,,71.0,,40.0,,47.0,
U186,Chanchalaprita,BCA-C,Sem 2,85.0,,,,68.0,,,,59.0,,17.0,61.0,,,,,,45.0,,,,,56.0,,,,,,72.0
U186,Chanchalaprita,BCA-C,Sem 3,70.0,,,,,93.0,,93.0,,62.0,,,,27.0,70.0,,,,,71.0,,,,,,,36.0,,
U186,Chanchalaprita,BCA-C,Sem 4,79.0,,42.0,,,,35.0,,,,,,,,,,,,53.0,,81.0,,,60.0,,64.0,,53.0,
U187,Kailanka,BCA-C,Sem 1,80.0,60.0,,74.0,,,,,,,,,45.0,,,88.0,82.0,,,,,72.0,,,54.0,,,,
U187,Kailanka,BCA-C,Sem 2,81.0,,,,83.0,,,,80.0,,44.0,69.0,,,,,,35.0,,,,,72.0,,,,,,63.0
U187,Kailanka,BCA-C,Sem 3,74.0,,,,,56.0,,82.0,,90.0,,,,40.0,51.0,,,,,65.0,,,,,,,81.0,,
U187,Kailanka,BCA-C,Sem 4,74.0,,43.0,,,,77.0,,,,,,,,,,,,62.0,,60.0,,,41.0,,65.0,,47.0,
U188,Varadamba,BCA-C,Sem 1,81.0,88.0,,67.0,,,,,,,,,67.0,,,66.0,69.0,,,,,71.0,,,80.0,,,,
U188,Varadamba,BCA-C,Sem 2,92.0,,,,36.0,,,,93.0,,40.0,45.0,,,,,,77.0,,,,,92.0,,,,,,73.0
U188,Varadamba,BCA-C,Sem 3,66.0,,,,,36.0,,61.0,,52.0,,,,16.0,81.0,,,,,85.0,,,,,,,79.0,,
U188,Varadamba,BCA-C,Sem 4,92.0,,36.0,,,,38.0,,,,,,,,,,,,86.0,,91.0,,,37.0,,92.0,,86.0,
U189,Tarakamaran,BCA-C,Sem 1,79.0,87.0,,36.0,,,,,,,,,65.0,,,56.0,58.0,,,,,42.0,,,78.0,,,,
U189,Tarakamaran,BCA-C,Sem 2,86.0,,,,74.0,,,,59.0,,47.0,66.0,,,,,,49.0,,,,,78.0,,,,,,78.0
U189,Tarakamaran,BCA-C,Sem 3,64.0,,,,,46.0,,55.0,,74.0,,,,37.0,90.0,,,,,76.0,,,,,,,48.0,,
U189,Tarakamaran,BCA-C,Sem 4,84.0,,47.0,,,,85.0,,,,,,,,,,,,67.0,,38.0,,,75.0,,37.0,,51.0,
U190,Abhainna,BCA-C,Sem 3,85.0,,,,,87.0,,78.0,,78.0,,,,45.0,82.0,,,,,67.0,,,,,,,84.0,,
U190,Abhainna,BCA-C,Sem 4,83.0,,38.0,,,,73.0,,,,,,,,,,,,79.0,,76.0,,,39.0,,87.0,,48.0,
U191,Vaibhavajith,BCA-C,Sem 1,90.0,76.0,,85.0,,,,,,,,,51.0,,,72.0,84.0,,,,,49.0,,,71.0,,,,
U191,Vaibhavajith,BCA-C,Sem 3,82.0,,,,,53.0,,61.0,,37.0,,,,45.0,92.0,,,,,40.0,,,,,,,50.0,,
U191,Vaibhavajith,BCA-C,Sem 4,81.0,,25.0,,,,36.0,,,,,,,,,,,,91.0,,55.0,,,36.0,,94.0,,52.0,
U192,Jagdevpal,BCA-C,Sem 1,63.0,65.0,,45.0,,,,,,,,,72.0,,,75.0,68.0,,,,,74.0,,,81.0,,,,
U192,Jagdevpal,BCA-C,Sem 2,66.0,,,,53.0,,,,72.0,,37.0,62.0,,,,,,89.0,,,,,74.0,,,,,,86.0
U192,Jagdevpal,BCA-C,Sem 3,86.0,,,,,77.0,,84.0,,73.0,,,,0.0,84.0,,,,,53.0,,,,,,,66.0,,
U192,Jagdevpal,BCA-C,Sem 4,63.0,,49.0,,,,79.0,,,,,,,,,,,,35.0,,44.0,,,54.0,,73.0,,68.0,
U193,Mahethan,BCA-C,Sem 1,84.0,87.0,,78.0,,,,,,,,,44.0,,,37.0,50.0,,,,,95.0,,,71.0,,,,
U193,Mahethan,BCA-C,Sem 2,75.5,,,,24.0,,,,18.0,,3.0,19.0,,,,,,18.0,,,,,24.0,,,,,,27.0
U193,Mahethan,BCA-C,Sem 3,94.0,,,,,86.0,,35.0,,38.0,,,,7.0,37.0,,,,,66.0,,,,,,,41.0,,
U193,Mahethan,BCA-C,Sem 4,61.0,,30.0,,,,54.0,,,,,,,,,,,,50.0,,77.0,,,48.0,,84.0,,46.0,
U194,Qitara,BCA-C,Sem 1,67.0,36.0,,63.0,,,,,,,,,47.0,,,61.0,55.0,,,,,61.0,,,44.0,,,,
U194,Qitara,BCA-C,Sem 2,76.0,,,,65.0,,,,95.0,,12.0,73.0,,,,,,56.0,,,,,92.0,,,,,,60.0
U194,Qitara,BCA-C,Sem 3,75.5,,,,,16.0,,30.0,,17.0,,,,5.0,10.0,,,,,11.0,,,,,,,24.0,,
U194,Qitara,BCA-C,Sem 4,92.0,,50.0,,,,77.0,,,,,,,,,,,,67.0,,87.0,,,56.0,,52.0,,85.0,
U195,Hagen,BCA-C,Sem 1,73.0,68.0,,48.0,,,,,,,,,68.0,,,87.0,65.0,,,,,72.0,,,77.0,,,,
U195,Hagen,BCA-C,Sem 2,79.0,,,,39.0,,,,89.0,,10.0,41.0,,,,,,73.0,,,,,87.0,,,,,,54.0
U195,Hagen,BCA-C,Sem 4,70.0,,25.0,,,,81.0,,,,,,,,,,,,76.0,,82.0,,,51.0,,61.0,,39.0,
U196,Basil,BCA-C,Sem 1,93.0,55.0,,46.0,,,,,,,,,59.0,,,93.0,64.0,,,,,56.0,,,69.0,,,,
U196,Basil,BCA-C,Sem 2,73.0,,,,65.0,,,,59.0,,23.0,44.0,,,,,,45.0,,,,,72.0,,,,,,36.0
U196,Basil,BCA-C,Sem 3,78.0,,,,,73.0,,54.0,,80.0,,,,21.0,57.0,,,,,82.0,,,,,,,83.0,,
U196,Basil,BCA-C,Sem 4,60.0,,10.0,,,,65.0,,,,,,,,,,,,71.0,,68.0,,,65.0,,47.0,,62.0,
U197,Aashrita,BCA-C,Sem 1,94.0,78.0,,84.0,,,,,,,,,57.0,,,81.0,90.0,,,,,76.0,,,78.0,,,,
U197,Aashrita,BCA-C,Sem 2,81.0,,,,94.0,,,,50.0,,23.0,61.0,,,,,,84.0,,,,,89.0,,,,,,87.0
U197,Aashrita,BCA-C,Sem 3,73.0,,,,,61.0,,77.0,,93.0,,,,50.0,81.0,,,,,50.0,,,,,,,47.0,,
U197,Aashrita,BCA-C,Sem 4,60.0,,29.0,,,,77.0,,,,,,,,,,,,90.0,,68.0,,,53.0,,48.0,,38.0,
U198,Fari,BCA-C,Sem 1,76.0,65.0,,47.0,,,,,,,,,74.0,,,52.0,50.0,,,,,54.0,,,70.0,,,,
U198,Fari,BCA-C,Sem 2,66.0,,,,37.0,,,,51.0,,19.0,94.0,,,,,,79.0,,,,,59.0,,,,,,53.0
U198,Fari,BCA-C,Sem 3,93.0,,,,,37.0,,87.0,,89.0,,,,35.0,94.0,,,,,40.0,,,,,,,65.0,,
U198,Fari,BCA-C,Sem 4,63.0,,37.0,,,,49.0,,,,,,,,,,,,42.0,,54.0,,,55.0,,63.0,,59.0,
U199,Farish,BCA-C,Sem 1,74.0,54.0,,84.0,,,,,,,,,95.0,,,80.0,53.0,,,,,79.0,,,48.0,,,,
U199,Farish,BCA-C,Sem 2,75.0,,,,22.0,,,,14.0,,14.0,22.0,,,,,,23.0,,,,,18.0,,,,,,28.0
U199,Farish,BCA-C,Sem 3,87.0,,,,,55.0,,53.0,,38.0,,,,18.0,77.0,,,,,47.0,,,,,,,43.0,,
U199,Farish,BCA-C,Sem 4,75.0,,19.0,,,,68.0,,,,,,,,,,,,79.0,,68.0,,,68.0,,79.0,,72.0,
U200,Chanchala,BCA-C,Sem 1,91.0,65.0,,57.0,,,,,,,,,55.0,,,94.0,70.0,,,,,85.0,,,94.0,,,,
U200,Chanchala,BCA-C,Sem 2,65.0,,,,45.0,,,,52.0,,18.0,85.0,,,,,,60.0,,,,,64.0,,,,,,50.0
U200,Chanchala,BCA-C,Sem 3,93.0,,,,,90.0,,54.0,,89.0,,,,0.0,63.0,,,,,57.0,,,,,,,74.0,,
U200,Chanchala,BCA-C,Sem 4,69.0,,37.0,,,,93.0,,,,,,,,,,,,55.0,,66.0,,,86.0,,55.0,,48.0,
U201,Falanah,BCA-C,Sem 1,77.0,42.0,,71.0,,,,,,,,,53.0,,,69.0,78.0,,,,,92.0,,,59.0,,,,
U201,Falanah,BCA-C,Sem 2,73.0,,,,69.0,,,,70.0,,11.0,79.0,,,,,,53.0,,,,,78.0,,,,,,47.0
U201,Falanah,BCA-C,Sem 3,94.0,,,,,79.0,,56.0,,70.0,,,,2.0,89.0,,,,,38.0,,,,,,,72.0,,
U201,Falanah,BCA-C,Sem 4,77.0,,38.0,,,,46.0,,,,,,,,,,,,56.0,,51.0,,,85.0,,57.0,,35.0,
U202,Kailanvi,BCA-C,Sem 1,85.0,57.0,,84.0,,,,,,,,,87.0,,,44.0,86.0,,,,,37.0,,,53.0,,,,
U202,Kailanvi,BCA-C,Sem 3,75.0,,,,,84.0,,38.0,,66.0,,,,22.0,65.0,,,,,93.0,,,,,,,68.0,,
U202,Kailanvi,BCA-C,Sem 4,95.0,,37.0,,,,85.0,,,,,,,,,,,,87.0,,65.0,,,68.0,,64.0,,72.0,
U203,Naveensada,BCA-C,Sem 1,78.0,40.0,,57.0,,,,,,,,,80.0,,,63.0,94.0,,,,,51.0,,,76.0,,,,
U203,Naveensada,BCA-C,Sem 2,85.0,,,,65.0,,,,42.0,,25.0,49.0,,,,,,77.0,,,,,72.0,,,,,,70.0
U203,Naveensada,BCA-C,Sem 3,89.0,,,,,94.0,,39.0,,51.0,,,,14.0,73.0,,,,,65.0,,,,,,,95.0,,
U203,Naveensada,BCA-C,Sem 4,86.0,,36.0,,,,55.0,,,,,,,,,,,,47.0,,39.0,,,60.0,,53.0,,62.0,
U204,Tarakamba,BCA-C,Sem 1,90.0,47.0,,87.0,,,,,,,,,48.0,,,52.0,69.0,,,,,70.0,,,94.0,,,,
U204,Tarakamba,BCA-C,Sem 2,82.0,,,,89.0,,,,65.0,,25.0,64.0,,,,,,84.0,,,,,68.0,,,,,,61.0
U204,Tarakamba,BCA-C,Sem 3,89.0,,,,,35.0,,88.0,,71.0,,,,43.0,94.0,,,,,95.0,,,,,,,40.0,,
U204,Tarakamba,BCA-C,Sem 4,64.0,,18.0,,,,88.0,,,,,,,,,,,,90.0,,51.0,,,48.0,,77.0,,60.0,
U205,Chandra,BCA-C,Sem 1,77.0,41.0,,74.0,,,,,,,,,43.0,,,72.0,82.0,,,,,50.0,,,50.0,,,,
U205,Chandra,BCA-C,Sem 2,74.0,,,,52.0,,,,62.0,,5.0,45.0,,,,,,70.0,,,,,86.0,,,,,,75.0
U205,Chandra,BCA-C,Sem 3,68.0,,,,,86.0,,82.0,,35.0,,,,13.0,89.0,,,,,81.0,,,,,,,64.0,,
U205,Chandra,BCA-C,Sem 4,74.0,,40.0,,,,53.0,,,,,,,,,,,,39.0,,77.0,,,36.0,,77.0,,71.0,
U206,Haddon,BCA-C,Sem 1,63.0,92.0,,68.0,,,,,,,,,77.0,,,75.0,49.0,,,,,38.0,,,49.0,,,,
U206,Haddon,BCA-C,Sem 2,77.0,,,,90.0,,,,45.0,,39.0,44.0,,,,,,59.0,,,,,65.0,,,,,,77.0
U206,Haddon,BCA-C,Sem 3,62.0,,,,,62.0,,53.0,,95.0,,,,26.0,87.0,,,,,75.0,,,,,,,88.0,,
U206,Haddon,BCA-C,Sem 4,70.0,,26.0,,,,68.0,,,,,,,,,,,,81.0,,75.0,,,79.0,,83.0,,94.0,
U207,Haridas,BCA-C,Sem 1,66.0,56.0,,80.0,,,,,,,,,61.0,,,41.0,65.0,,,,,84.0,,,78.0,,,,
U207,Haridas,BCA-C,Sem 2,80.0,,,,65.0,,,,89.0,,24.0,93.0,,,,,,89.0,,,,,57.0,,,,,,67.0
U207,Haridas,BCA-C,Sem 3,60.0,,,,,78.0,,63.0,,92.0,,,,11.0,51.0,,,,,80.0,,,,,,,49.0,,
U207,Haridas,BCA-C,Sem 4,82.0,,21.0,,,,63.0,,,,,,,,,,,,37.0,,92.0,,,39.0,,77.0,,67.0,
U208,Indirabai,BCA-C,Sem 1,68.0,70.0,,94.0,,,,,,,,,35.0,,,61.0,45.0,,,,,94.0,,,76.0,,,,
U208,Indirabai,BCA-C,Sem 2,82.0,,,,42.0,,,,53.0,,48.0,47.0,,,,,,56.0,,,,,57.0,,,,,,83.0
U208,Indirabai,BCA-C,Sem 4,79.0,,40.0,,,,94.0,,,,,,,,,,,,73.0,,52.0,,,45.0,,63.0,,69.0,
U209,Rajeshpandey,BCA-C,Sem 1,90.0,76.0,,47.0,,,,,,,,,65.0,,,53.0,83.0,,,,,53.0,,,55.0,,,,
U209,Rajeshpandey,BCA-C,Sem 2,65.0,,,,64.0,,,,42.0,,7.0,36.0,,,,,,48.0,,,,,90.0,,,,,,70.0
U209,Rajeshpandey,BCA-C,Sem 3,68.0,,,,,48.0,,80.0,,80.0,,,,2.0,45.0,,,,,92.0,,,,,,,76.0,,
U210,Kailina,BCA-C,Sem 1,63.0,84.0,,40.0,,,,,,,,,93.0,,,71.0,76.0,,,,,69.0,,,49.0,,,,
U210,Kailina,BCA-C,Sem 2,82.0,,,,71.0,,,,47.0,,30.0,62.0,,,,,,52.0,,,,,86.0,,,,,,86.0
U210,Kailina,BCA-C,Sem 4,71.0,,39.0,,,,82.0,,,,,,,,,,,,52.0,,47.0,,,78.0,,46.0,,38.0,
U211,Radhalakshmi,BCA-C,Sem 1,62.0,93.0,,46.0,,,,,,,,,93.0,,,91.0,61.0,,,,,46.0,,,88.0,,,,
U211,Radhalakshmi,BCA-C,Sem 2,74.0,,,,37.0,,,,89.0,,31.0,65.0,,,,,,42.0,,,,,75.0,,,,,,65.0
U211,Radhalakshmi,BCA-C,Sem 3,88.0,,,,,64.0,,84.0,,42.0,,,,45.0,63.0,,,,,39.0,,,,,,,48.0,,
U211,Radhalakshmi,BCA-C,Sem 4,83.0,,0.0,,,,79.0,,,,,,,,,,,,68.0,,54.0,,,65.0,,79.0,,68.0,
U212,Gakul,BCA-C,Sem 1,62.0,60.0,,85.0,,,,,,,,,88.0,,,46.0,66.0,,,,,82.0,,,94.0,,,,
U212,Gakul,BCA-C,Sem 2,89.0,,,,68.0,,,,84.0,,42.0,40.0,,,,,,42.0,,,,,41.0,,,,,,49.0
U212,Gakul,BCA-C,Sem 3,69.0,,,,,90.0,,81.0,,40.0,,,,44.0,79.0,,,,,65.0,,,,,,,38.0,,
U212,Gakul,BCA-C,Sem 4,85.0,,41.0,,,,64.0,,,,,,,,,,,,55.0,,50.0,,,61.0,,91.0,,63.0,
U213,Kailasa,BCA-C,Sem 1,78.0,37.0,,35.0,,,,,,,,,91.0,,,71.0,54.0,,,,,41.0,,,73.0,,,,
U213,Kailasa,BCA-C,Sem 2,85.0,,,,94.0,,,,54.0,,11.0,39.0,,,,,,53.0,,,,,38.0,,,,,,47.0
U213,Kailasa,BCA-C,Sem 3,77.0,,,,,92.0,,50.0,,52.0,,,,35.0,41.0,,,,,84.0,,,,,,,51.0,,
U213,Kailasa,BCA-C,Sem 4,77.0,,34.0,,,,86.0,,,,,,,,,,,,47.0,,89.0,,,38.0,,65.0,,65.0,
U214,Umashankareswara,BCA-C,Sem 1,81.0,64.0,,76.0,,,,,,,,,53.0,,,68.0,69.0,,,,,91.0,,,66.0,,,,
U214,Umashankareswara,BCA-C,Sem 2,65.0,,,,40.0,,,,40.0,,24.0,62.0,,,,,,92.0,,,,,56.0,,,,,,83.0
U214,Umashankareswara,BCA-C,Sem 3,83.0,,,,,64.0,,93.0,,35.0,,,,42.0,66.0,,,,,41.0,,,,,,,78.0,,
U215,Ekansh,BCA-C,Sem 1,68.0,67.0,,64.0,,,,,,,,,89.0,,,47.0,52.0,,,,,42.0,,,86.0,,,,
U215,Ekansh,BCA-C,Sem 2,76.0,,,,94.0,,,,63.0,,50.0,48.0,,,,,,93.0,,,,,72.0,,,,,,55.0
U215,Ekansh,BCA-C,Sem 3,85.0,,,,,78.0,,43.0,,89.0,,,,2.0,66.0,,,,,42.0,,,,,,,77.0,,
U215,Ekansh,BCA-C,Sem 4,93.0,,43.0,,,,88.0,,,,,,,,,,,,74.0,,88.0,,,78.0,,85.0,,43.0,
U216,Vaibhavahara,BCA-C,Sem 2,93.0,,,,88.0,,,,36.0,,22.0,92.0,,,,,,42.0,,,,,36.0,,,,,,75.0
U216,Vaibhavahara,BCA-C,Sem 3,72.0,,,,,45.0,,82.0,,70.0,,,,15.0,89.0,,,,,95.0,,,,,,,90.0,,
U216,Vaibhavahara,BCA-C,Sem 4,70.0,,14.0,,,,54.0,,,,,,,,,,,,92.0,,38.0,,,47.0,,84.0,,54.0,
U217,Wamia,BCA-C,Sem 1,81.0,53.0,,71.0,,,,,,,,,85.0,,,83.0,78.0,,,,,46.0,,,47.0,,,,
U217,Wamia,BCA-C,Sem 2,94.0,,,,56.0,,,,85.0,,31.0,52.0,,,,,,36.0,,,,,95.0,,,,,,74.0
U217,Wamia,BCA-C,Sem 3,74.0,,,,,91.0,,73.0,,45.0,,,,11.0,88.0,,,,,38.0,,,,,,,92.0,,
U217,Wamia,BCA-C,Sem 4,85.0,,38.0,,,,73.0,,,,,,,,,,,,50.0,,88.0,,,47.0,,44.0,,70.0,
U218,Farcy,BCA-C,Sem 1,85.0,62.0,,67.0,,,,,,,,,87.0,,,40.0,55.0,,,,,77.0,,,60.0,,,,
U218,Farcy,BCA-C,Sem 2,80.0,,,,95.0,,,,82.0,,19.0,45.0,,,,,,62.0,,,,,69.0,,,,,,74.0
U218,Farcy,BCA-C,Sem 3,71.0,,,,,60.0,,76.0,,51.0,,,,45.0,65.0,,,,,42.0,,,,,,,94.0,,
U218,Farcy,BCA-C,Sem 4,90.0,,27.0,,,,90.0,,,,,,,,,,,,72.0,,86.0,,,62.0,,63.0,,74.0,
U219,Fahad,BCA-C,Sem 1,66.0,43.0,,65.0,,,,,,,,,46.0,,,94.0,55.0,,,,,35.0,,,50.0,,,,
U219,Fahad,BCA-C,Sem 2,90.0,,,,45.0,,,,64.0,,36.0,95.0,,,,,,48.0,,,,,95.0,,,,,,93.0
U219,Fahad,BCA-C,Sem 3,86.0,,,,,95.0,,36.0,,42.0,,,,39.0,87.0,,,,,80.0,,,,,,,69.0,,
U219,Fahad,BCA-C,Sem 4,77.0,,9.0,,,,38.0,,,,,,,,,,,,91.0,,91.0,,,35.0,,40.0,,48.0,
U220,Hajji,BCA-C,Sem 2,94.0,,,,52.0,,,,54.0,,28.0,80.0,,,,,,81.0,,,,,87.0,,,,,,71.0
U220,Hajji,BCA-C,Sem 3,93.0,,,,,47.0,,48.0,,94.0,,,,7.0,37.0,,,,,76.0,,,,,,,78.0,,
U221,Darshil,BCA-C,Sem 1,60.0,76.0,,58.0,,,,,,,,,51.0,,,50.0,79.0,,,,,77.0,,,38.0,,,,
U221,Darshil,BCA-C,Sem 2,60.0,,,,91.0,,,,58.0,,34.0,63.0,,,,,,86.0,,,,,94.0,,,,,,78.0
U221,Darshil,BCA-C,Sem 3,82.0,,,,,41.0,,89.0,,71.0,,,,33.0,36.0,,,,,53.0,,,,,,,50.0,,
U221,Darshil,BCA-C,Sem 4,76.0,,3.0,,,,57.0,,,,,,,,,,,,71.0,,52.0,,,86.0,,81.0,,93.0,
U222,Radhakumarsing,BCA-C,Sem 3,71.0,,,,,94.0,,86.0,,63.0,,,,47.0,39.0,,,,,51.0,,,,,,,64.0,,
U222,Radhakumarsing,BCA-C,Sem 4,77.0,,4.0,,,,43.0,,,,,,,,,,,,79.0,,71.0,,,71.0,,89.0,,59.0,
U223,Qitara,BCA-C,Sem 1,90.0,13.0,,30.0,,,,,,,,,19.0,,,21.0,19.0,,,,,17.0,,,29.0,,,,
U223,Qitara,BCA-C,Sem 3,70.0,,,,,45.0,,64.0,,68.0,,,,12.0,90.0,,,,,93.0,,,,,,,38.0,,
U223,Qitara,BCA-C,Sem 4,91.0,,39.0,,,,79.0,,,,,,,,,,,,68.0,,40.0,,,37.0,,36.0,,75.0,
U224,Zaragil,BCA-C,Sem 1,75.0,25.0,,14.0,,,,,,,,,14.0,,,29.0,24.0,,,,,23.0,,,21.0,,,,
U224,Zaragil,BCA-C,Sem 2,92.0,,,,54.0,,,,81.0,,29.0,39.0,,,,,,52.0,,,,,93.0,,,,,,95.0
U224,Zaragil,BCA-C,Sem 3,88.0,,,,,39.0,,38.0,,84.0,,,,39.0,53.0,,,,,91.0,,,,,,,77.0,,
U224,Zaragil,BCA-C,Sem 4,80.0,,40.0,,,,89.0,,,,,,,,,,,,58.0,,60.0,,,80.0,,51.0,,55.0,
U225,Kailly,BCA-C,Sem 1,95.0,65.0,,83.0,,,,,,,,,93.0,,,86.0,69.0,,,,,87.0,,,77.0,,,,
U225,Kailly,BCA-C,Sem 2,78.0,,,,56.0,,,,43.0,,44.0,54.0,,,,,,91.0,,,,,88.0,,,,,,84.0
U225,Kailly,BCA-C,Sem 3,70.0,,,,,67.0,,67.0,,49.0,,,,30.0,54.0,,,,,74.0,,,,,,,60.0,,
U225,Kailly,BCA-C,Sem 4,92.0,,18.0,,,,68.0,,,,,,,,,,,,95.0,,35.0,,,62.0,,42.0,,48.0,
U226,Haridharan,BCA-D,Sem 1,73.0,50.0,,78.0,,,,,,,,,83.0,,,73.0,83.0,,,,,85.0,,,90.0,,,,
U226,Haridharan,BCA-D,Sem 2,88.0,,,,62.0,,,,49.0,,49.0,79.0,,,,,,80.0,,,,,58.0,,,,,,63.0
U226,Haridharan,BCA-D,Sem 3,72.0,,,,,68.0,,35.0,,42.0,,,,8.0,47.0,,,,,44.0,,,,,,,87.0,,
U226,Haridharan,BCA-D,Sem 4,75.0,,5.0,,,,81.0,,,,,,,,,,,,78.0,,91.0,,,71.0,,41.0,,49.0,
U227,Fabio,BCA-D,Sem 1,65.0,63.0,,68.0,,,,,,,,,68.0,,,58.0,80.0,,,,,93.0,,,39.0,,,,
U227,Fabio,BCA-D,Sem 2,62.0,,,,35.0,,,,39.0,,11.0,69.0,,,,,,95.0,,,,,76.0,,,,,,88.0
U227,Fabio,BCA-D,Sem 3,83.0,,,,,84.0,,86.0,,89.0,,,,23.0,84.0,,,,,42.0,,,,,,,37.0,,
U227,Fabio,BCA-D,Sem 4,66.0,,28.0,,,,45.0,,,,,,,,,,,,70.0,,67.0,,,56.0,,81.0,,88.0,
U228,Deepalita,BCA-D,Sem 1,67.0,88.0,,70.0,,,,,,,,,38.0,,,67.0,92.0,,,,,71.0,,,47.0,,,,
U228,Deepalita,BCA-D,Sem 2,85.0,,,,73.0,,,,93.0,,36.0,37.0,,,,,,93.0,,,,,67.0,,,,,,58.0
U228,Deepalita,BCA-D,Sem 3,91.0,,,,,56.0,,84.0,,47.0,,,,46.0,86.0,,,,,80.0,,,,,,,72.0,,
U228,Deepalita,BCA-D,Sem 4,92.0,,4.0,,,,88.0,,,,,,,,,,,,79.0,,48.0,,,95.0,,85.0,,89.0,
U229,Chhajed,BCA-D,Sem 1,94.0,45.0,,55.0,,,,,,,,,44.0,,,68.0,89.0,,,,,42.0,,,63.0,,,,
U229,Chhajed,BCA-D,Sem 2,92.0,,,,49.0,,,,71.0,,36.0,40.0,,,,,,59.0,,,,,90.0,,,,,,50.0
U229,Chhajed,BCA-D,Sem 3,93.0,,,,,45.0,,89.0,,53.0,,,,17.0,94.0,,,,,66.0,,,,,,,67.0,,
U229,Chhajed,BCA-D,Sem 4,75.0,,16.0,,,,81.0,,,,,,,,,,,,63.0,,85.0,,,92.0,,51.0,,87.0,
U230,Sachindranath,BCA-D,Sem 1,73.0,72.0,,66.0,,,,,,,,,80.0,,,92.0,40.0,,,,,63.0,,,67.0,,,,
U230,Sachindranath,BCA-D,Sem 2,88.0,,,,75.0,,,,69.0,,40.0,48.0,,,,,,87.0,,,,,77.0,,,,,,36.0
U230,Sachindranath,BCA-D,Sem 3,82.0,,,,,46.0,,77.0,,52.0,,,,6.0,43.0,,,,,71.0,,,,,,,89.0,,
U230,Sachindranath,BCA-D,Sem 4,82.0,,33.0,,,,91.0,,,,,,,,,,,,88.0,,45.0,,,43.0,,47.0,,58.0,
U231,Paraguay,BCA-D,Sem 1,80.0,14.0,,26.0,,,,,,,,,24.0,,,24.0,23.0,,,,,11.0,,,28.0,,,,
U231,Paraguay,BCA-D,Sem 2,69.0,,,,56.0,,,,93.0,,44.0,60.0,,,,,,92.0,,,,,84.0,,,,,,81.0
U231,Paraguay,BCA-D,Sem 3,86.0,,,,,63.0,,91.0,,36.0,,,,43.0,64.0,,,,,36.0,,,,,,,45.0,,
U231,Paraguay,BCA-D,Sem 4,88.0,,29.0,,,,89.0,,,,,,,,,,,,63.0,,76.0,,,84.0,,68.0,,87.0,
U232,Ushaa,BCA-D,Sem 1,95.0,78.0,,86.0,,,,,,,,,64.0,,,81.0,54.0,,,,,60.0,,,36.0,,,,
U232,Ushaa,BCA-D,Sem 2,77.0,,,,84.0,,,,44.0,,11.0,93.0,,,,,,74.0,,,,,78.0,,,,,,57.0
U232,Ushaa,BCA-D,Sem 3,81.0,,,,,70.0,,47.0,,93.0,,,,15.0,36.0,,,,,55.0,,,,,,,84.0,,
U232,Ushaa,BCA-D,Sem 4,76.0,,49.0,,,,37.0,,,,,,,,,,,,81.0,,84.0,,,87.0,,48.0,,46.0,
U233,Isayah,BCA-D,Sem 1,76.0,35.0,,82.0,,,,,,,,,87.0,,,72.0,48.0,,,,,37.0,,,39.0,,,,
U233,Isayah,BCA-D,Sem 3,64.0,,,,,93.0,,67.0,,46.0,,,,22.0,39.0,,,,,92.0,,,,,,,84.0,,
U233,Isayah,BCA-D,Sem 4,90.0,,6.0,,,,78.0,,,,,,,,,,,,52.0,,48.0,,,45.0,,74.0,,36.0,
U234,Hafiz,BCA-D,Sem 1,87.0,79.0,,39.0,,,,,,,,,57.0,,,38.0,69.0,,,,,92.0,,,94.0,,,,
U234,Hafiz,BCA-D,Sem 2,61.0,,,,35.0,,,,79.0,,14.0,79.0,,,,,,85.0,,,,,42.0,,,,,,92.0
U234,Hafiz,BCA-D,Sem 3,90.0,,,,,48.0,,51.0,,49.0,,,,9.0,65.0,,,,,43.0,,,,,,,79.0,,
U234,Hafiz,BCA-D,Sem 4,69.0,,44.0,,,,52.0,,,,,,,,,,,,64.0,,36.0,,,41.0,,56.0,,75.0,
U235,Gala,BCA-D,Sem 1,64.0,65.0,,37.0,,,,,,,,,94.0,,,61.0,53.0,,,,,84.0,,,46.0,,,,
U235,Gala,BCA-D,Sem 2,61.0,,,,68.0,,,,68.0,,42.0,37.0,,,,,,82.0,,,,,55.0,,,,,,83.0
U235,Gala,BCA-D,Sem 3,94.0,,,,,61.0,,45.0,,72.0,,,,2.0,78.0,,,,,95.0,,,,,,,61.0,,
U235,Gala,BCA-D,Sem 4,86.0,,29.0,,,,61.0,,,,,,,,,,,,91.0,,37.0,,,56.0,,65.0,,73.0,
U236,Kailine,BCA-D,Sem 2,75.0,,,,63.0,,,,44.0,,10.0,90.0,,,,,,80.0,,,,,44.0,,,,,,57.0
U236,Kailine,BCA-D,Sem 3,73.0,,,,,70.0,,91.0,,51.0,,,,40.0,63.0,,,,,63.0,,,,,,,74.0,,
U236,Kailine,BCA-D,Sem 4,61.0,,32.0,,,,50.0,,,,,,,,,,,,81.0,,92.0,,,89.0,,58.0,,35.0,
U237,Chandanta,BCA-D,Sem 1,84.0,78.0,,77.0,,,,,,,,,40.0,,,69.0,90.0,,,,,76.0,,,43.0,,,,
U237,Chandanta,BCA-D,Sem 3,77.0,,,,,59.0,,66.0,,93.0,,,,3.0,44.0,,,,,81.0,,,,,,,72.0,,
U237,Chandanta,BCA-D,Sem 4,76.0,,3.0,,,,43.0,,,,,,,,,,,,75.0,,93.0,,,82.0,,83.0,,78.0,
U238,Navenopal,BCA-D,Sem 1,82.0,72.0,,68.0,,,,,,,,,69.0,,,81.0,43.0,,,,,88.0,,,49.0,,,,
U238,Navenopal,BCA-D,Sem 2,62.0,,,,41.0,,,,56.0,,29.0,65.0,,,,,,45.0,,,,,72.0,,,,,,92.0
U238,Navenopal,BCA-D,Sem 3,76.0,,,,,46.0,,71.0,,49.0,,,,23.0,66.0,,,,,79.0,,,,,,,44.0,,
U238,Navenopal,BCA-D,Sem 4,95.0,,5.0,,,,53.0,,,,,,,,,,,,65.0,,54.0,,,91.0,,63.0,,38.0,
U239,Charu,BCA-D,Sem 1,80.0,19.0,,24.0,,,,,,,,,10.0,,,23.0,27.0,,,,,22.0,,,27.0,,,,
U239,Charu,BCA-D,Sem 2,95.0,,,,93.0,,,,51.0,,37.0,89.0,,,,,,74.0,,,,,60.0,,,,,,49.0
U239,Charu,BCA-D,Sem 3,85.0,,,,,84.0,,95.0,,64.0,,,,16.0,45.0,,,,,78.0,,,,,,,66.0,,
U239,Charu,BCA-D,Sem 4,94.0,,19.0,,,,53.0,,,,,,,,,,,,58.0,,74.0,,,48.0,,47.0,,74.0,
U240,Harithyaa,BCA-D,Sem 1,74.0,64.0,,57.0,,,,,,,,,50.0,,,52.0,44.0,,,,,94.0,,,47.0,,,,
U240,Harithyaa,BCA-D,Sem 2,95.0,,,,56.0,,,,87.0,,33.0,64.0,,,,,,61.0,,,,,61.0,,,,,,60.0
U240,Harithyaa,BCA-D,Sem 3,87.0,,,,,61.0,,45.0,,48.0,,,,22.0,37.0,,,,,39.0,,,,,,,48.0,,
U240,Harithyaa,BCA-D,Sem 4,73.0,,23.0,,,,88.0,,,,,,,,,,,,57.0,,87.0,,,85.0,,79.0,,58.0,
U241,Omeric,BCA-D,Sem 1,67.0,86.0,,77.0,,,,,,,,,37.0,,,74.0,61.0,,,,,94.0,,,84.0,,,,
U241,Omeric,BCA-D,Sem 2,74.0,,,,60.0,,,,91.0,,35.0,61.0,,,,,,70.0,,,,,75.0,,,,,,41.0
U241,Omeric,BCA-D,Sem 3,90.0,,,,,38.0,,79.0,,47.0,,,,11.0,44.0,,,,,56.0,,,,,,,62.0,,
U241,Omeric,BCA-D,Sem 4,63.0,,35.0,,,,58.0,,,,,,,,,,,,54.0,,52.0,,,76.0,,68.0,,91.0,
U242,Navenshankar,BCA-D,Sem 1,61.0,48.0,,39.0,,,,,,,,,50.0,,,73.0,41.0,,,,,63.0,,,37.0,,,,
U242,Navenshankar,BCA-D,Sem 2,71.0,,,,92.0,,,,69.0,,46.0,36.0,,,,,,55.0,,,,,59.0,,,,,,75.0
U242,Navenshankar,BCA-D,Sem 3,62.0,,,,,83.0,,79.0,,67.0,,,,25.0,50.0,,,,,54.0,,,,,,,64.0,,
U242,Navenshankar,BCA-D,Sem 4,74.0,,19.0,,,,35.0,,,,,,,,,,,,61.0,,55.0,,,43.0,,58.0,,83.0,
U243,Ushabhama,BCA-D,Sem 1,63.0,63.0,,49.0,,,,,,,,,72.0,,,48.0,69.0,,,,,43.0,,,79.0,,,,
U243,Ushabhama,BCA-D,Sem 2,82.0,,,,65.0,,,,76.0,,15.0,89.0,,,,,,43.0,,,,,92.0,,,,,,48.0
U243,Ushabhama,BCA-D,Sem 3,77.0,,,,,47.0,,61.0,,60.0,,,,46.0,93.0,,,,,88.0,,,,,,,85.0,,
U243,Ushabhama,BCA-D,Sem 4,74.0,,43.0,,,,84.0,,,,,,,,,,,,87.0,,90.0,,,56.0,,92.0,,55.0,
U244,Sakshii,BCA-D,Sem 1,92.0,49.0,,87.0,,,,,,,,,53.0,,,81.0,93.0,,,,,55.0,,,71.0,,,,
U244,Sakshii,BCA-D,Sem 2,68.0,,,,50.0,,,,66.0,,15.0,36.0,,,,,,71.0,,,,,46.0,,,,,,45.0
U244,Sakshii,BCA-D,Sem 3,89.0,,,,,39.0,,65.0,,65.0,,,,14.0,79.0,,,,,87.0,,,,,,,87.0,,
U244,Sakshii,BCA-D,Sem 4,81.0,,20.0,,,,87.0,,,,,,,,,,,,75.0,,37.0,,,81.0,,82.0,,92.0,
U245,Mahethesh,BCA-D,Sem 1,80.0,54.0,,91.0,,,,,,,,,50.0,,,77.0,44.0,,,,,49.0,,,68.0,,,,
U245,Mahethesh,BCA-D,Sem 2,86.0,,,,62.0,,,,87.0,,44.0,64.0,,,,,,68.0,,,,,87.0,,,,,,50.0
U245,Mahethesh,BCA-D,Sem 3,67.0,,,,,87.0,,87.0,,65.0,,,,4.0,79.0,,,,,65.0,,,,,,,87.0,,
U245,Mahethesh,BCA-D,Sem 4,72.0,,40.0,,,,36.0,,,,,,,,,,,,52.0,,58.0,,,87.0,,38.0,,50.0,
U246,Zaineddin,BCA-D,Sem 1,86.0,52.0,,38.0,,,,,,,,,54.0,,,95.0,70.0,,,,,91.0,,,72.0,,,,
U246,Zaineddin,BCA-D,Sem 2,91.0,,,,93.0,,,,83.0,,21.0,84.0,,,,,,64.0,,,,,42.0,,,,,,47.0
U246,Zaineddin,BCA-D,Sem 3,74.0,,,,,61.0,,78.0,,87.0,,,,33.0,68.0,,,,,65.0,,,,,,,79.0,,
U246,Zaineddin,BCA-D,Sem 4,66.0,,17.0,,,,64.0,,,,,,,,,,,,86.0,,39.0,,,86.0,,78.0,,57.0,
U247,Maheth,BCA-D,Sem 1,71.0,78.0,,62.0,,,,,,,,,75.0,,,66.0,70.0,,,,,57.0,,,38.0,,,,
U247,Maheth,BCA-D,Sem 2,92.0,,,,37.0,,,,71.0,,37.0,37.0,,,,,,87.0,,,,,65.0,,,,,,82.0
U247,Maheth,BCA-D,Sem 3,82.0,,,,,50.0,,61.0,,72.0,,,,16.0,78.0,,,,,48.0,,,,,,,85.0,,
U247,Maheth,BCA-D,Sem 4,89.0,,34.0,,,,70.0,,,,,,,,,,,,35.0,,93.0,,,42.0,,59.0,,54.0,
U248,Harita,BCA-D,Sem 1,90.0,26.0,,20.0,,,,,,,,,22.0,,,23.0,23.0,,,,,19.0,,,14.0,,,,
U248,Harita,BCA-D,Sem 2,89.0,,,,95.0,,,,52.0,,17.0,47.0,,,,,,45.0,,,,,94.0,,,,,,68.0
U248,Harita,BCA-D,Sem 3,77.0,,,,,46.0,,91.0,,38.0,,,,23.0,95.0,,,,,46.0,,,,,,,72.0,,
U249,Elick,BCA-D,Sem 1,84.0,83.0,,69.0,,,,,,,,,46.0,,,50.0,65.0,,,,,49.0,,,89.0,,,,
U249,Elick,BCA-D,Sem 2,68.0,,,,56.0,,,,38.0,,18.0,87.0,,,,,,45.0,,,,,77.0,,,,,,78.0
U249,Elick,BCA-D,Sem 3,60.0,,,,,95.0,,90.0,,49.0,,,,12.0,69.0,,,,,57.0,,,,,,,41.0,,
U249,Elick,BCA-D,Sem 4,86.0,,23.0,,,,72.0,,,,,,,,,,,,94.0,,88.0,,,77.0,,85.0,,57.0,
U250,Riyaala,BCA-D,Sem 1,79.0,65.0,,68.0,,,,,,,,,65.0,,,68.0,72.0,,,,,68.0,,,87.0,,,,
U250,Riyaala,BCA-D,Sem 2,87.0,,,,61.0,,,,48.0,,41.0,95.0,,,,,,46.0,,,,,58.0,,,,,,57.0
U250,Riyaala,BCA-D,Sem 3,90.0,,,,,94.0,,61.0,,44.0,,,,12.0,72.0,,,,,71.0,,,,,,,55.0,,
U251,Eeshithaa,BCA-D,Sem 2,73.0,,,,67.0,,,,61.0,,28.0,35.0,,,,,,68.0,,,,,35.0,,,,,,78.0
U251,Eeshithaa,BCA-D,Sem 3,89.0,,,,,77.0,,72.0,,52.0,,,,1.0,51.0,,,,,74.0,,,,,,,65.0,,
U251,Eeshithaa,BCA-D,Sem 4,63.0,,0.0,,,,67.0,,,,,,,,,,,,57.0,,48.0,,,42.0,,57.0,,84.0,
U252,Galbraham,BCA-D,Sem 1,72.0,52.0,,59.0,,,,,,,,,38.0,,,73.0,78.0,,,,,37.0,,,73.0,,,,
U252,Galbraham,BCA-D,Sem 2,64.0,,,,72.0,,,,35.0,,32.0,57.0,,,,,,55.0,,,,,81.0,,,,,,74.0
U252,Galbraham,BCA-D,Sem 3,61.0,,,,,36.0,,89.0,,41.0,,,,40.0,35.0,,,,,66.0,,,,,,,63.0,,
U252,Galbraham,BCA-D,Sem 4,64.0,,36.0,,,,58.0,,,,,,,,,,,,71.0,,51.0,,,76.0,,77.0,,62.0,
U253,Aaliyah,BCA-D,Sem 1,64.0,86.0,,83.0,,,,,,,,,47.0,,,81.0,72.0,,,,,70.0,,,77.0,,,,
U253,Aaliyah,BCA-D,Sem 2,74.0,,,,45.0,,,,46.0,,47.0,61.0,,,,,,83.0,,,,,71.0,,,,,,87.0
U253,Aaliyah,BCA-D,Sem 3,85.0,,,,,43.0,,52.0,,58.0,,,,19.0,80.0,,,,,81.0,,,,,,,77.0,,
U253,Aaliyah,BCA-D,Sem 4,94.0,,11.0,,,,68.0,,,,,,,,,,,,65.0,,72.0,,,68.0,,72.0,,79.0,
U254,Olisha,BCA-D,Sem 1,73.0,68.0,,79.0,,,,,,,,,68.0,,,83.0,82.0,,,,,93.0,,,72.0,,,,
U254,Olisha,BCA-D,Sem 2,80.0,,,,15.0,,,,22.0,,7.0,15.0,,,,,,12.0,,,,,29.0,,,,,,20.0
U254,Olisha,BCA-D,Sem 3,80.0,,,,,68.0,,64.0,,40.0,,,,32.0,64.0,,,,,95.0,,,,,,,41.0,,
U254,Olisha,BCA-D,Sem 4,69.0,,50.0,,,,78.0,,,,,,,,,,,,65.0,,39.0,,,43.0,,77.0,,79.0,
U255,Kailan,BCA-D,Sem 1,75.0,73.0,,80.0,,,,,,,,,79.0,,,60.0,48.0,,,,,50.0,,,93.0,,,,
U255,Kailan,BCA-D,Sem 2,91.0,,,,59.0,,,,45.0,,5.0,94.0,,,,,,58.0,,,,,72.0,,,,,,73.0
U255,Kailan,BCA-D,Sem 3,89.0,,,,,63.0,,70.0,,52.0,,,,37.0,78.0,,,,,57.0,,,,,,,39.0,,
U255,Kailan,BCA-D,Sem 4,94.0,,33.0,,,,35.0,,,,,,,,,,,,48.0,,71.0,,,56.0,,60.0,,44.0,
U256,Rajeshnath,BCA-D,Sem 1,95.0,84.0,,53.0,,,,,,,,,55.0,,,64.0,59.0,,,,,76.0,,,69.0,,,,
U256,Rajeshnath,BCA-D,Sem 3,86.0,,,,,46.0,,72.0,,42.0,,,,39.0,42.0,,,,,70.0,,,,,,,64.0,,
U256,Rajeshnath,BCA-D,Sem 4,65.0,,49.0,,,,49.0,,,,,,,,,,,,90.0,,75.0,,,68.0,,37.0,,95.0,
U257,Lalaram,BCA-D,Sem 1,82.0,51.0,,58.0,,,,,,,,,54.0,,,91.0,67.0,,,,,64.0,,,66.0,,,,
U257,Lalaram,BCA-D,Sem 2,90.0,,,,55.0,,,,80.0,,10.0,82.0,,,,,,87.0,,,,,71.0,,,,,,93.0
U257,Lalaram,BCA-D,Sem 3,67.0,,,,,39.0,,86.0,,78.0,,,,44.0,82.0,,,,,42.0,,,,,,,76.0,,
U257,Lalaram,BCA-D,Sem 4,76.0,,46.0,,,,36.0,,,,,,,,,,,,81.0,,44.0,,,82.0,,75.0,,69.0,
U258,Naveendran,BCA-D,Sem 1,66.0,81.0,,65.0,,,,,,,,,86.0,,,88.0,83.0,,,,,93.0,,,55.0,,,,
U258,Naveendran,BCA-D,Sem 2,65.0,,,,84.0,,,,71.0,,48.0,78.0,,,,,,42.0,,,,,84.0,,,,,,60.0
U258,Naveendran,BCA-D,Sem 3,73.0,,,,,45.0,,53.0,,50.0,,,,34.0,44.0,,,,,86.0,,,,,,,83.0,,
U258,Naveendran,BCA-D,Sem 4,73.0,,20.0,,,,79.0,,,,,,,,,,,,69.0,,48.0,,,53.0,,48.0,,42.0,
U259,Navensh,BCA-D,Sem 1,73.0,55.0,,61.0,,,,,,,,,58.0,,,71.0,37.0,,,,,49.0,,,90.0,,,,
U259,Navensh,BCA-D,Sem 2,93.0,,,,81.0,,,,86.0,,41.0,82.0,,,,,,48.0,,,,,52.0,,,,,,92.0
U259,Navensh,BCA-D,Sem 3,79.0,,,,,55.0,,84.0,,81.0,,,,46.0,60.0,,,,,69.0,,,,,,,40.0,,
U259,Navensh,BCA-D,Sem 4,89.0,,41.0,,,,88.0,,,,,,,,,,,,53.0,,75.0,,,64.0,,82.0,,52.0,
U260,Zarahna,BCA-D,Sem 2,75.0,,,,19.0,,,,27.0,,2.0,29.0,,,,,,28.0,,,,,19.0,,,,,,28.0
U260,Zarahna,BCA-D,Sem 3,65.0,,,,,89.0,,69.0,,71.0,,,,37.0,79.0,,,,,35.0,,,,,,,36.0,,
U260,Zarahna,BCA-D,Sem 4,74.0,,49.0,,,,54.0,,,,,,,,,,,,94.0,,80.0,,,56.0,,45.0,,41.0,
U261,Madhaviya,BCA-D,Sem 1,86.0,44.0,,47.0,,,,,,,,,53.0,,,49.0,56.0,,,,,71.0,,,59.0,,,,
U261,Madhaviya,BCA-D,Sem 2,74.0,,,,94.0,,,,75.0,,14.0,81.0,,,,,,57.0,,,,,37.0,,,,,,91.0
U261,Madhaviya,BCA-D,Sem 3,92.0,,,,,73.0,,52.0,,71.0,,,,29.0,70.0,,,,,39.0,,,,,,,55.0,,
U261,Madhaviya,BCA-D,Sem 4,83.0,,12.0,,,,52.0,,,,,,,,,,,,37.0,,51.0,,,61.0,,80.0,,50.0,
U262,Harithya,BCA-D,Sem 1,75.0,70.0,,76.0,,,,,,,,,66.0,,,78.0,95.0,,,,,51.0,,,56.0,,,,
U262,Harithya,BCA-D,Sem 2,80.0,,,,40.0,,,,71.0,,9.0,73.0,,,,,,76.0,,,,,37.0,,,,,,52.0
U262,Harithya,BCA-D,Sem 3,90.0,,,,,27.0,,24.0,,28.0,,,,10.0,28.0,,,,,19.0,,,,,,,25.0,,
U262,Harithya,BCA-D,Sem 4,71.0,,41.0,,,,82.0,,,,,,,,,,,,52.0,,46.0,,,78.0,,60.0,,65.0,
U263,Indirani,BCA-D,Sem 1,91.0,76.0,,82.0,,,,,,,,,81.0,,,64.0,66.0,,,,,81.0,,,45.0,,,,
U263,Indirani,BCA-D,Sem 3,73.0,,,,,94.0,,71.0,,37.0,,,,23.0,76.0,,,,,73.0,,,,,,,49.0,,
U263,Indirani,BCA-D,Sem 4,66.0,,46.0,,,,85.0,,,,,,,,,,,,51.0,,44.0,,,55.0,,45.0,,78.0,
U264,Jayabhavya,BCA-D,Sem 1,82.0,43.0,,81.0,,,,,,,,,45.0,,,66.0,69.0,,,,,93.0,,,46.0,,,,
U264,Jayabhavya,BCA-D,Sem 4,76.0,,10.0,,,,37.0,,,,,,,,,,,,59.0,,41.0,,,56.0,,57.0,,44.0,
U265,Eligio,BCA-D,Sem 1,94.0,38.0,,68.0,,,,,,,,,76.0,,,88.0,37.0,,,,,39.0,,,89.0,,,,
U265,Eligio,BCA-D,Sem 2,89.0,,,,79.0,,,,75.0,,30.0,65.0,,,,,,65.0,,,,,79.0,,,,,,65.0
U265,Eligio,BCA-D,Sem 3,79.0,,,,,93.0,,69.0,,40.0,,,,13.0,67.0,,,,,80.0,,,,,,,55.0,,
U265,Eligio,BCA-D,Sem 4,68.0,,26.0,,,,46.0,,,,,,,,,,,,95.0,,61.0,,,90.0,,36.0,,48.0,
U266,Aaryada,BCA-D,Sem 1,63.0,35.0,,61.0,,,,,,,,,83.0,,,88.0,43.0,,,,,49.0,,,75.0,,,,
U266,Aaryada,BCA-D,Sem 2,94.0,,,,48.0,,,,80.0,,48.0,87.0,,,,,,39.0,,,,,61.0,,,,,,74.0
U266,Aaryada,BCA-D,Sem 3,81.0,,,,,57.0,,86.0,,73.0,,,,18.0,80.0,,,,,35.0,,,,,,,95.0,,
U266,Aaryada,BCA-D,Sem 4,72.0,,4.0,,,,35.0,,,,,,,,,,,,44.0,,39.0,,,64.0,,66.0,,90.0,
U267,Hain,BCA-D,Sem 1,64.0,44.0,,35.0,,,,,,,,,80.0,,,67.0,48.0,,,,,58.0,,,64.0,,,,
U267,Hain,BCA-D,Sem 2,74.0,,,,72.0,,,,72.0,,37.0,94.0,,,,,,65.0,,,,,94.0,,,,,,87.0
U267,Hain,BCA-D,Sem 4,78.0,,9.0,,,,78.0,,,,,,,,,,,,54.0,,95.0,,,35.0,,41.0,,88.0,
U268,Sachin,BCA-D,Sem 1,80.0,30.0,,29.0,,,,,,,,,29.0,,,25.0,25.0,,,,,10.0,,,10.0,,,,
U268,Sachin,BCA-D,Sem 2,85.0,,,,90.0,,,,68.0,,41.0,87.0,,,,,,51.0,,,,,75.0,,,,,,37.0
U268,Sachin,BCA-D,Sem 3,80.0,,,,,59.0,,79.0,,69.0,,,,8.0,50.0,,,,,88.0,,,,,,,69.0,,
U268,Sachin,BCA-D,Sem 4,89.0,,34.0,,,,80.0,,,,,,,,,,,,62.0,,85.0,,,46.0,,76.0,,66.0,
U269,Kaili,BCA-D,Sem 1,94.0,61.0,,35.0,,,,,,,,,70.0,,,68.0,36.0,,,,,52.0,,,81.0,,,,
U269,Kaili,BCA-D,Sem 2,89.0,,,,80.0,,,,81.0,,39.0,82.0,,,,,,90.0,,,,,69.0,,,,,,37.0
U269,Kaili,BCA-D,Sem 3,65.0,,,,,62.0,,58.0,,56.0,,,,32.0,74.0,,,,,87.0,,,,,,,54.0,,
U269,Kaili,BCA-D,Sem 4,94.0,,1.0,,,,37.0,,,,,,,,,,,,63.0,,79.0,,,70.0,,43.0,,72.0,
U270,Yasmini,BCA-D,Sem 1,94.0,36.0,,67.0,,,,,,,,,53.0,,,79.0,87.0,,,,,62.0,,,78.0,,,,
U270,Yasmini,BCA-D,Sem 2,88.0,,,,47.0,,,,45.0,,22.0,69.0,,,,,,94.0,,,,,63.0,,,,,,35.0
U270,Yasmini,BCA-D,Sem 3,62.0,,,,,41.0,,76.0,,54.0,,,,47.0,50.0,,,,,83.0,,,,,,,38.0,,
U270,Yasmini,BCA-D,Sem 4,91.0,,37.0,,,,67.0,,,,,,,,,,,,80.0,,45.0,,,42.0,,81.0,,85.0,
U271,Abhaisa,BCA-D,Sem 1,71.0,93.0,,41.0,,,,,,,,,41.0,,,44.0,68.0,,,,,47.0,,,50.0,,,,
U271,Abhaisa,BCA-D,Sem 2,62.0,,,,63.0,,,,46.0,,8.0,42.0,,,,,,50.0,,,,,82.0,,,,,,72.0
U271,Abhaisa,BCA-D,Sem 3,90.0,,,,,84.0,,92.0,,40.0,,,,10.0,38.0,,,,,92.0,,,,,,,71.0,,
U271,Abhaisa,BCA-D,Sem 4,81.0,,8.0,,,,87.0,,,,,,,,,,,,64.0,,85.0,,,81.0,,66.0,,45.0,
U272,Galav,BCA-D,Sem 1,93.0,87.0,,57.0,,,,,,,,,51.0,,,85.0,52.0,,,,,40.0,,,60.0,,,,
U272,Galav,BCA-D,Sem 2,79.0,,,,56.0,,,,94.0,,49.0,45.0,,,,,,38.0,,,,,83.0,,,,,,44.0
U272,Galav,BCA-D,Sem 3,79.0,,,,,36.0,,47.0,,90.0,,,,26.0,82.0,,,,,36.0,,,,,,,83.0,,
U272,Galav,BCA-D,Sem 4,81.0,,45.0,,,,57.0,,,,,,,,,,,,46.0,,80.0,,,54.0,,55.0,,52.0,
U273,Isah,BCA-D,Sem 2,78.0,,,,77.0,,,,92.0,,11.0,35.0,,,,,,71.0,,,,,59.0,,,,,,53.0
U273,Isah,BCA-D,Sem 3,89.0,,,,,73.0,,80.0,,61.0,,,,27.0,93.0,,,,,84.0,,,,,,,62.0,,
U273,Isah,BCA-D,Sem 4,84.0,,38.0,,,,74.0,,,,,,,,,,,,49.0,,51.0,,,65.0,,58.0,,42.0,
U274,Mahesh,BCA-D,Sem 1,79.0,87.0,,89.0,,,,,,,,,78.0,,,76.0,40.0,,,,,76.0,,,89.0,,,,
U274,Mahesh,BCA-D,Sem 2,88.0,,,,71.0,,,,55.0,,38.0,66.0,,,,,,79.0,,,,,45.0,,,,,,36.0
U274,Mahesh,BCA-D,Sem 3,61.0,,,,,35.0,,94.0,,42.0,,,,16.0,50.0,,,,,43.0,,,,,,,51.0,,
U274,Mahesh,BCA-D,Sem 4,64.0,,48.0,,,,83.0,,,,,,,,,,,,47.0,,70.0,,,95.0,,46.0,,37.0,
U275,Jayabhaskar,BCA-D,Sem 1,62.0,60.0,,59.0,,,,,,,,,40.0,,,70.0,59.0,,,,,38.0,,,65.0,,,,
U275,Jayabhaskar,BCA-D,Sem 2,94.0,,,,41.0,,,,70.0,,48.0,79.0,,,,,,44.0,,,,,65.0,,,,,,61.0
U275,Jayabhaskar,BCA-D,Sem 3,67.0,,,,,85.0,,78.0,,84.0,,,,38.0,44.0,,,,,57.0,,,,,,,68.0,,
U275,Jayabhaskar,BCA-D,Sem 4,78.0,,19.0,,,,95.0,,,,,,,,,,,,64.0,,59.0,,,42.0,,54.0,,81.0,
U276,Paragopal,BCA-D,Sem 1,90.0,15.0,,12.0,,,,,,,,,10.0,,,23.0,25.0,,,,,20.0,,,30.0,,,,
U276,Paragopal,BCA-D,Sem 2,93.0,,,,61.0,,,,39.0,,5.0,47.0,,,,,,60.0,,,,,55.0,,,,,,87.0
U276,Paragopal,BCA-D,Sem 3,80.0,,,,,67.0,,56.0,,38.0,,,,45.0,93.0,,,,,66.0,,,,,,,67.0,,
U276,Paragopal,BCA-D,Sem 4,67.0,,6.0,,,,39.0,,,,,,,,,,,,74.0,,80.0,,,86.0,,60.0,,55.0,
U277,Mahethala,BCA-D,Sem 1,66.0,68.0,,93.0,,,,,,,,,92.0,,,49.0,37.0,,,,,92.0,,,48.0,,,,
U277,Mahethala,BCA-D,Sem 2,70.0,,,,45.0,,,,91.0,,20.0,55.0,,,,,,65.0,,,,,56.0,,,,,,71.0
U277,Mahethala,BCA-D,Sem 3,63.0,,,,,92.0,,76.0,,66.0,,,,27.0,92.0,,,,,42.0,,,,,,,57.0,,
U277,Mahethala,BCA-D,Sem 4,87.0,,46.0,,,,78.0,,,,,,,,,,,,74.0,,56.0,,,35.0,,71.0,,54.0,
U278,Vaibhavaja,BCA-D,Sem 1,90.0,37.0,,94.0,,,,,,,,,52.0,,,78.0,39.0,,,,,52.0,,,94.0,,,,
U278,Vaibhavaja,BCA-D,Sem 2,87.0,,,,53.0,,,,80.0,,42.0,72.0,,,,,,84.0,,,,,40.0,,,,,,95.0
U278,Vaibhavaja,BCA-D,Sem 4,65.0,,48.0,,,,43.0,,,,,,,,,,,,41.0,,90.0,,,90.0,,81.0,,64.0,
U279,Radhakumari,BCA-D,Sem 1,94.0,77.0,,37.0,,,,,,,,,71.0,,,94.0,46.0,,,,,55.0,,,89.0,,,,
U279,Radhakumari,BCA-D,Sem 2,95.0,,,,89.0,,,,67.0,,43.0,43.0,,,,,,80.0,,,,,56.0,,,,,,44.0
U279,Radhakumari,BCA-D,Sem 3,78.0,,,,,87.0,,51.0,,88.0,,,,46.0,39.0,,,,,90.0,,,,,,,58.0,,
U279,Radhakumari,BCA-D,Sem 4,79.0,,32.0,,,,63.0,,,,,,,,,,,,93.0,,52.0,,,37.0,,75.0,,78.0,
U280,Ashraf,BCA-D,Sem 1,61.0,72.0,,44.0,,,,,,,,,48.0,,,87.0,83.0,,,,,87.0,,,80.0,,,,
U280,Ashraf,BCA-D,Sem 2,80.0,,,,88.0,,,,54.0,,43.0,38.0,,,,,,52.0,,,,,80.0,,,,,,58.0
U280,Ashraf,BCA-D,Sem 3,90.0,,,,,74.0,,65.0,,41.0,,,,18.0,37.0,,,,,48.0,,,,,,,45.0,,
U280,Ashraf,BCA-D,Sem 4,72.0,,27.0,,,,91.0,,,,,,,,,,,,47.0,,64.0,,,50.0,,59.0,,55.0,
U281,Falakshee,BCA-D,Sem 1,85.0,39.0,,54.0,,,,,,,,,94.0,,,71.0,45.0,,,,,71.0,,,50.0,,,,
U281,Falakshee,BCA-D,Sem 3,79.0,,,,,81.0,,79.0,,41.0,,,,7.0,88.0,,,,,36.0,,,,,,,42.0,,
U281,Falakshee,BCA-D,Sem 4,65.0,,32.0,,,,65.0,,,,,,,,,,,,39.0,,72.0,,,87.0,,83.0,,75.0,
U282,Priya,BCA-D,Sem 1,84.0,92.0,,69.0,,,,,,,,,78.0,,,59.0,56.0,,,,,82.0,,,83.0,,,,
U282,Priya,BCA-D,Sem 2,61.0,,,,74.0,,,,80.0,,12.0,41.0,,,,,,35.0,,,,,89.0,,,,,,38.0
U282,Priya,BCA-D,Sem 3,78.0,,,,,77.0,,63.0,,44.0,,,,12.0,50.0,,,,,73.0,,,,,,,44.0,,
U282,Priya,BCA-D,Sem 4,61.0,,38.0,,,,66.0,,,,,,,,,,,,60.0,,35.0,,,65.0,,87.0,,35.0,
U283,Chandani,BCA-D,Sem 1,68.0,79.0,,81.0,,,,,,,,,85.0,,,67.0,40.0,,,,,57.0,,,82.0,,,,
U283,Chandani,BCA-D,Sem 2,67.0,,,,76.0,,,,38.0,,5.0,67.0,,,,,,72.0,,,,,74.0,,,,,,73.0
U283,Chandani,BCA-D,Sem 3,76.0,,,,,91.0,,71.0,,65.0,,,,3.0,87.0,,,,,81.0,,,,,,,64.0,,
U283,Chandani,BCA-D,Sem 4,69.0,,31.0,,,,92.0,,,,,,,,,,,,49.0,,56.0,,,95.0,,70.0,,66.0,
U284,Abhais,BCA-D,Sem 1,63.0,62.0,,49.0,,,,,,,,,41.0,,,39.0,88.0,,,,,73.0,,,56.0,,,,
U284,Abhais,BCA-D,Sem 2,69.0,,,,66.0,,,,79.0,,21.0,77.0,,,,,,87.0,,,,,72.0,,,,,,83.0
U284,Abhais,BCA-D,Sem 3,60.0,,,,,36.0,,62.0,,77.0,,,,20.0,51.0,,,,,61.0,,,,,,,66.0,,
U284,Abhais,BCA-D,Sem 4,81.0,,42.0,,,,94.0,,,,,,,,,,,,51.0,,65.0,,,92.0,,35.0,,50.0,
U285,Mahendran,BCA-D,Sem 1,85.0,55.0,,36.0,,,,,,,,,84.0,,,52.0,75.0,,,,,63.0,,,85.0,,,,
U285,Mahendran,BCA-D,Sem 2,62.0,,,,43.0,,,,65.0,,30.0,52.0,,,,,,48.0,,,,,89.0,,,,,,88.0
U285,Mahendran,BCA-D,Sem 3,66.0,,,,,66.0,,60.0,,74.0,,,,29.0,61.0,,,,,64.0,,,,,,,58.0,,
U285,Mahendran,BCA-D,Sem 4,80.0,,8.0,,,,48.0,,,,,,,,,,,,46.0,,68.0,,,68.0,,71.0,,94.0,
U286,Wami,BCA-D,Sem 1,91.0,57.0,,70.0,,,,,,,,,49.0,,,59.0,95.0,,,,,46.0,,,62.0,,,,
U286,Wami,BCA-D,Sem 2,95.0,,,,58.0,,,,51.0,,36.0,79.0,,,,,,86.0,,,,,94.0,,,,,,38.0
U286,Wami,BCA-D,Sem 3,74.0,,,,,95.0,,88.0,,87.0,,,,31.0,84.0,,,,,61.0,,,,,,,93.0,,
U286,Wami,BCA-D,Sem 4,79.0,,41.0,,,,61.0,,,,,,,,,,,,47.0,,82.0,,,75.0,,44.0,,60.0,
U287,Sakshi,BCA-D,Sem 1,84.0,84.0,,74.0,,,,,,,,,40.0,,,86.0,53.0,,,,,80.0,,,50.0,,,,
U287,Sakshi,BCA-D,Sem 2,79.0,,,,55.0,,,,73.0,,5.0,58.0,,,,,,64.0,,,,,57.0,,,,,,37.0
U287,Sakshi,BCA-D,Sem 3,70.0,,,,,53.0,,68.0,,42.0,,,,32.0,74.0,,,,,38.0,,,,,,,90.0,,
U287,Sakshi,BCA-D,Sem 4,94.0,,16.0,,,,75.0,,,,,,,,,,,,70.0,,93.0,,,50.0,,45.0,,66.0,
U288,Abhalegha,BCA-D,Sem 1,64.0,52.0,,44.0,,,,,,,,,40.0,,,80.0,59.0,,,,,75.0,,,85.0,,,,
U288,Abhalegha,BCA-D,Sem 2,81.0,,,,68.0,,,,65.0,,44.0,65.0,,,,,,72.0,,,,,68.0,,,,,,72.0
U288,Abhalegha,BCA-D,Sem 3,89.0,,,,,57.0,,80.0,,82.0,,,,32.0,61.0,,,,,51.0,,,,,,,52.0,,
U288,Abhalegha,BCA-D,Sem 4,94.0,,29.0,,,,84.0,,,,,,,,,,,,45.0,,56.0,,,40.0,,38.0,,42.0,
U289,Gajanan,BCA-D,Sem 1,69.0,59.0,,55.0,,,,,,,,,82.0,,,41.0,58.0,,,,,35.0,,,40.0,,,,
U289,Gajanan,BCA-D,Sem 2,72.0,,,,39.0,,,,38.0,,12.0,67.0,,,,,,95.0,,,,,52.0,,,,,,93.0
U289,Gajanan,BCA-D,Sem 3,78.0,,,,,54.0,,88.0,,37.0,,,,40.0,75.0,,,,,48.0,,,,,,,69.0,,
U289,Gajanan,BCA-D,Sem 4,72.0,,12.0,,,,79.0,,,,,,,,,,,,81.0,,78.0,,,91.0,,77.0,,46.0,
U290,Hakeez,BCA-D,Sem 1,79.0,58.0,,83.0,,,,,,,,,63.0,,,41.0,52.0,,,,,40.0,,,43.0,,,,
U290,Hakeez,BCA-D,Sem 2,90.0,,,,75.0,,,,62.0,,25.0,37.0,,,,,,93.0,,,,,42.0,,,,,,50.0
U290,Hakeez,BCA-D,Sem 3,91.0,,,,,57.0,,44.0,,88.0,,,,8.0,85.0,,,,,56.0,,,,,,,87.0,,
U290,Hakeez,BCA-D,Sem 4,85.0,,12.0,,,,65.0,,,,,,,,,,,,70.0,,60.0,,,43.0,,37.0,,54.0,
U291,Darnell,BCA-D,Sem 1,71.0,63.0,,70.0,,,,,,,,,62.0,,,67.0,70.0,,,,,41.0,,,61.0,,,,
U291,Darnell,BCA-D,Sem 2,87.0,,,,65.0,,,,87.0,,37.0,72.0,,,,,,65.0,,,,,56.0,,,,,,69.0
U291,Darnell,BCA-D,Sem 3,77.0,,,,,69.0,,62.0,,52.0,,,,23.0,40.0,,,,,60.0,,,,,,,75.0,,
U291,Darnell,BCA-D,Sem 4,76.0,,24.0,,,,44.0,,,,,,,,,,,,78.0,,60.0,,,79.0,,79.0,,82.0,
U292,Riyaal,BCA-D,Sem 1,61.0,57.0,,70.0,,,,,,,,,40.0,,,73.0,40.0,,,,,85.0,,,73.0,,,,
U292,Riyaal,BCA-D,Sem 2,85.0,,,,52.0,,,,45.0,,40.0,65.0,,,,,,44.0,,,,,92.0,,,,,,76.0
U292,Riyaal,BCA-D,Sem 3,94.0,,,,,76.0,,56.0,,63.0,,,,2.0,84.0,,,,,90.0,,,,,,,89.0,,
U292,Riyaal,BCA-D,Sem 4,70.0,,17.0,,,,80.0,,,,,,,,,,,,52.0,,66.0,,,40.0,,70.0,,52.0,
U293,Harithai,BCA-D,Sem 1,80.0,59.0,,35.0,,,,,,,,,90.0,,,61.0,53.0,,,,,84.0,,,59.0,,,,
U293,Harithai,BCA-D,Sem 2,61.0,,,,88.0,,,,64.0,,34.0,69.0,,,,,,83.0,,,,,86.0,,,,,,52.0
U293,Harithai,BCA-D,Sem 3,84.0,,,,,51.0,,72.0,,80.0,,,,4.0,58.0,,,,,87.0,,,,,,,88.0,,
U293,Harithai,BCA-D,Sem 4,87.0,,40.0,,,,43.0,,,,,,,,,,,,51.0,,85.0,,,95.0,,50.0,,81.0,
U294,Darshul,BCA-D,Sem 1,65.0,68.0,,87.0,,,,,,,,,45.0,,,87.0,87.0,,,,,68.0,,,72.0,,,,
U294,Darshul,BCA-D,Sem 2,67.0,,,,51.0,,,,84.0,,16.0,55.0,,,,,,86.0,,,,,61.0,,,,,,75.0
U294,Darshul,BCA-D,Sem 4,75.0,,41.0,,,,40.0,,,,,,,,,,,,55.0,,62.0,,,81.0,,49.0,,40.0,
U295,Indiraa,BCA-D,Sem 1,64.0,54.0,,72.0,,,,,,,,,61.0,,,58.0,79.0,,,,,95.0,,,51.0,,,,
U295,Indiraa,BCA-D,Sem 2,75.5,,,,23.0,,,,19.0,,9.0,29.0,,,,,,13.0,,,,,24.0,,,,,,16.0
U295,Indiraa,BCA-D,Sem 3,65.0,,,,,81.0,,94.0,,94.0,,,,13.0,59.0,,,,,48.0,,,,,,,66.0,,
U295,Indiraa,BCA-D,Sem 4,60.0,,18.0,,,,50.0,,,,,,,,,,,,90.0,,90.0,,,91.0,,69.0,,79.0,
U296,Galban,BCA-D,Sem 1,75.0,75.0,,66.0,,,,,,,,,81.0,,,74.0,73.0,,,,,64.0,,,47.0,,,,
U296,Galban,BCA-D,Sem 2,87.0,,,,59.0,,,,55.0,,23.0,78.0,,,,,,36.0,,,,,80.0,,,,,,84.0
U296,Galban,BCA-D,Sem 3,80.0,,,,,75.0,,94.0,,95.0,,,,31.0,82.0,,,,,87.0,,,,,,,55.0,,
U296,Galban,BCA-D,Sem 4,73.0,,40.0,,,,86.0,,,,,,,,,,,,53.0,,89.0,,,48.0,,42.0,,93.0,
U297,Deepanama,BCA-D,Sem 1,66.0,54.0,,35.0,,,,,,,,,43.0,,,60.0,95.0,,,,,88.0,,,56.0,,,,
U297,Deepanama,BCA-D,Sem 2,70.0,,,,51.0,,,,83.0,,19.0,95.0,,,,,,80.0,,,,,63.0,,,,,,50.0
U297,Deepanama,BCA-D,Sem 4,75.0,,8.0,,,,74.0,,,,,,,,,,,,92.0,,58.0,,,93.0,,44.0,,57.0,
U298,Darrian,BCA-D,Sem 1,84.0,90.0,,56.0,,,,,,,,,86.0,,,56.0,63.0,,,,,87.0,,,62.0,,,,
U298,Darrian,BCA-D,Sem 2,79.0,,,,51.0,,,,67.0,,46.0,53.0,,,,,,66.0,,,,,84.0,,,,,,54.0
U298,Darrian,BCA-D,Sem 3,90.0,,,,,53.0,,73.0,,74.0,,,,35.0,68.0,,,,,85.0,,,,,,,70.0,,
U298,Darrian,BCA-D,Sem 4,82.0,,46.0,,,,52.0,,,,,,,,,,,,47.0,,50.0,,,35.0,,91.0,,46.0,
U299,Darshith,BCA-D,Sem 1,68.0,55.0,,73.0,,,,,,,,,54.0,,,79.0,95.0,,,,,65.0,,,47.0,,,,
U299,Darshith,BCA-D,Sem 2,88.0,,,,60.0,,,,60.0,,10.0,84.0,,,,,,88.0,,,,,40.0,,,,,,55.0
U299,Darshith,BCA-D,Sem 3,85.0,,,,,80.0,,57.0,,55.0,,,,7.0,84.0,,,,,41.0,,,,,,,49.0,,
U299,Darshith,BCA-D,Sem 4,88.0,,31.0,,,,74.0,,,,,,,,,,,,84.0,,54.0,,,65.0,,92.0,,92.0,
U300,Jagatis,BCA-D,Sem 1,80.0,60.0,,55.0,,,,,,,,,46.0,,,82.0,53.0,,,,,75.0,,,79.0,,,,
U300,Jagatis,BCA-D,Sem 2,63.0,,,,73.0,,,,85.0,,26.0,56.0,,,,,,54.0,,,,,83.0,,,,,,88.0
U300,Jagatis,BCA-D,Sem 3,60.0,,,,,79.0,,72.0,,65.0,,,,14.0,68.0,,,,,43.0,,,,,,,87.0,,
U300,Jagatis,BCA-D,Sem 4,80.0,,19.0,,,,18.0,,,,,,,,,,,,16.0,,25.0,,,15.0,,19.0,,23.0,
